source,dataset,seed,n,dimension,classes,metric,k,loo_error,loo_indicator_rate,replace_vulnerability,near_zero_margin_mass,mean_abs_margin,diagnostic_f1,duplicate_count
sklearn_builtin,iris,0,80,4,2,euclidean,1,0.0,0.0,1.0,1.0,1.0,1.0,0
sklearn_builtin,iris,0,80,4,2,euclidean,3,0.0125,0.0125,0.0125,0.0125,2.975,1.0,0
sklearn_builtin,iris,0,80,4,2,euclidean,5,0.0,0.0,0.0125,0.0125,4.95,1.0,0
sklearn_builtin,iris,0,80,4,2,euclidean,7,0.0,0.0,0.0125,0.0125,6.925,1.0,0
sklearn_builtin,iris,0,80,4,2,euclidean,9,0.0,0.0,0.0,0.0,8.925,1.0,0
sklearn_builtin,iris,0,80,4,2,euclidean,11,0.0,0.0,0.0,0.0,10.9,1.0,0
sklearn_builtin,iris,0,80,4,2,euclidean,15,0.0,0.0,0.0,0.0,14.85,1.0,0
sklearn_builtin,iris,0,80,4,2,manhattan,1,0.0,0.0,1.0,1.0,1.0,1.0,0
sklearn_builtin,iris,0,80,4,2,manhattan,3,0.0,0.0,0.0,0.0,3.0,1.0,0
sklearn_builtin,iris,0,80,4,2,manhattan,5,0.0,0.0,0.0,0.0,5.0,1.0,0
sklearn_builtin,iris,0,80,4,2,manhattan,7,0.0,0.0,0.0,0.0,7.0,1.0,0
sklearn_builtin,iris,0,80,4,2,manhattan,9,0.0,0.0,0.0,0.0,9.0,1.0,0
sklearn_builtin,iris,0,80,4,2,manhattan,11,0.0,0.0,0.0,0.0,10.975,1.0,0
sklearn_builtin,iris,0,80,4,2,manhattan,15,0.0,0.0,0.0,0.0,14.875,1.0,0
sklearn_builtin,iris,0,80,4,2,cosine,1,0.0125,0.0125,1.0,1.0,1.0,1.0,0
sklearn_builtin,iris,0,80,4,2,cosine,3,0.0125,0.0,0.0125,0.0125,2.975,1.0,0
sklearn_builtin,iris,0,80,4,2,cosine,5,0.0125,0.0,0.0125,0.0125,4.925,1.0,0
sklearn_builtin,iris,0,80,4,2,cosine,7,0.0,0.0,0.0125,0.0125,6.875,1.0,0
sklearn_builtin,iris,0,80,4,2,cosine,9,0.0,0.0,0.0,0.0,8.875,1.0,0
sklearn_builtin,iris,0,80,4,2,cosine,11,0.0,0.0,0.0125,0.0125,10.8,1.0,0
sklearn_builtin,iris,0,80,4,2,cosine,15,0.0,0.0,0.0,0.0,14.775,1.0,0
sklearn_builtin,iris,1,80,4,2,euclidean,1,0.0125,0.0125,1.0,1.0,1.0,1.0,0
sklearn_builtin,iris,1,80,4,2,euclidean,3,0.0,0.0,0.0125,0.0125,2.975,1.0,0
sklearn_builtin,iris,1,80,4,2,euclidean,5,0.0,0.0,0.0,0.0,4.975,1.0,0
sklearn_builtin,iris,1,80,4,2,euclidean,7,0.0,0.0,0.0,0.0,6.975,1.0,0
sklearn_builtin,iris,1,80,4,2,euclidean,9,0.0,0.0,0.0,0.0,8.975,1.0,0
sklearn_builtin,iris,1,80,4,2,euclidean,11,0.0,0.0,0.0,0.0,10.925,1.0,0
sklearn_builtin,iris,1,80,4,2,euclidean,15,0.0,0.0,0.0,0.0,14.85,1.0,0
sklearn_builtin,iris,1,80,4,2,manhattan,1,0.0,0.0,1.0,1.0,1.0,1.0,0
sklearn_builtin,iris,1,80,4,2,manhattan,3,0.0,0.0,0.0,0.0,3.0,1.0,0
sklearn_builtin,iris,1,80,4,2,manhattan,5,0.0,0.0,0.0,0.0,5.0,1.0,0
sklearn_builtin,iris,1,80,4,2,manhattan,7,0.0,0.0,0.0,0.0,7.0,1.0,0
sklearn_builtin,iris,1,80,4,2,manhattan,9,0.0,0.0,0.0,0.0,8.975,1.0,0
sklearn_builtin,iris,1,80,4,2,manhattan,11,0.0,0.0,0.0,0.0,10.95,1.0,0
sklearn_builtin,iris,1,80,4,2,manhattan,15,0.0,0.0,0.0,0.0,14.95,1.0,0
sklearn_builtin,iris,1,80,4,2,cosine,1,0.0125,0.0125,1.0,1.0,1.0,1.0,0
sklearn_builtin,iris,1,80,4,2,cosine,3,0.0,0.0,0.0125,0.0125,2.975,1.0,0
sklearn_builtin,iris,1,80,4,2,cosine,5,0.0,0.0,0.0,0.0,4.95,1.0,0
sklearn_builtin,iris,1,80,4,2,cosine,7,0.0,0.0,0.0,0.0,6.95,1.0,0
sklearn_builtin,iris,1,80,4,2,cosine,9,0.0,0.0,0.0,0.0,8.95,1.0,0
sklearn_builtin,iris,1,80,4,2,cosine,11,0.0,0.0,0.0,0.0,10.925,1.0,0
sklearn_builtin,iris,1,80,4,2,cosine,15,0.0,0.0,0.0,0.0,14.7,1.0,0
sklearn_builtin,iris,2,80,4,2,euclidean,1,0.0125,0.0125,1.0,1.0,1.0,1.0,0
sklearn_builtin,iris,2,80,4,2,euclidean,3,0.0125,0.0,0.0125,0.0125,2.975,1.0,0
sklearn_builtin,iris,2,80,4,2,euclidean,5,0.0,0.0,0.0125,0.0125,4.95,1.0,0
sklearn_builtin,iris,2,80,4,2,euclidean,7,0.0,0.0,0.0125,0.0125,6.925,1.0,0
sklearn_builtin,iris,2,80,4,2,euclidean,9,0.0125,0.0125,0.0125,0.0125,8.9,1.0,0
sklearn_builtin,iris,2,80,4,2,euclidean,11,0.0125,0.0,0.0125,0.0125,10.85,1.0,0
sklearn_builtin,iris,2,80,4,2,euclidean,15,0.0125,0.0,0.0,0.0,14.8,1.0,0
sklearn_builtin,iris,2,80,4,2,manhattan,1,0.0,0.0,1.0,1.0,1.0,1.0,0
sklearn_builtin,iris,2,80,4,2,manhattan,3,0.0,0.0,0.0,0.0,3.0,1.0,0
sklearn_builtin,iris,2,80,4,2,manhattan,5,0.0,0.0,0.0,0.0,5.0,1.0,0
sklearn_builtin,iris,2,80,4,2,manhattan,7,0.0,0.0,0.0,0.0,6.95,1.0,0
sklearn_builtin,iris,2,80,4,2,manhattan,9,0.0,0.0,0.0,0.0,8.95,1.0,0
sklearn_builtin,iris,2,80,4,2,manhattan,11,0.0,0.0,0.0,0.0,10.95,1.0,0
sklearn_builtin,iris,2,80,4,2,manhattan,15,0.0,0.0,0.0,0.0,14.875,1.0,0
sklearn_builtin,iris,2,80,4,2,cosine,1,0.0125,0.0125,1.0,1.0,1.0,1.0,0
sklearn_builtin,iris,2,80,4,2,cosine,3,0.0125,0.0,0.0125,0.0125,2.975,1.0,0
sklearn_builtin,iris,2,80,4,2,cosine,5,0.0125,0.0125,0.0125,0.0125,4.95,1.0,0
sklearn_builtin,iris,2,80,4,2,cosine,7,0.0125,0.0125,0.0125,0.0125,6.925,1.0,0
sklearn_builtin,iris,2,80,4,2,cosine,9,0.0125,0.0125,0.0125,0.0125,8.875,1.0,0
sklearn_builtin,iris,2,80,4,2,cosine,11,0.0125,0.0,0.0125,0.0125,10.8,1.0,0
sklearn_builtin,iris,2,80,4,2,cosine,15,0.0125,0.0,0.0,0.0,14.75,1.0,0
sklearn_builtin,iris,3,80,4,2,euclidean,1,0.0,0.0,1.0,1.0,1.0,1.0,1
sklearn_builtin,iris,3,80,4,2,euclidean,3,0.0,0.0,0.0125,0.0125,2.975,1.0,1
sklearn_builtin,iris,3,80,4,2,euclidean,5,0.0,0.0,0.0,0.0,4.975,1.0,1
sklearn_builtin,iris,3,80,4,2,euclidean,7,0.0,0.0,0.0,0.0,6.95,1.0,1
sklearn_builtin,iris,3,80,4,2,euclidean,9,0.0,0.0,0.0,0.0,8.9,1.0,1
sklearn_builtin,iris,3,80,4,2,euclidean,11,0.0,0.0,0.0,0.0,10.875,1.0,1
sklearn_builtin,iris,3,80,4,2,euclidean,15,0.0,0.0,0.0,0.0,14.825,1.0,1
sklearn_builtin,iris,3,80,4,2,manhattan,1,0.0,0.0,1.0,1.0,1.0,1.0,1
sklearn_builtin,iris,3,80,4,2,manhattan,3,0.0,0.0,0.0,0.0,3.0,1.0,1
sklearn_builtin,iris,3,80,4,2,manhattan,5,0.0,0.0,0.0,0.0,5.0,1.0,1
sklearn_builtin,iris,3,80,4,2,manhattan,7,0.0,0.0,0.0,0.0,7.0,1.0,1
sklearn_builtin,iris,3,80,4,2,manhattan,9,0.0,0.0,0.0,0.0,9.0,1.0,1
sklearn_builtin,iris,3,80,4,2,manhattan,11,0.0,0.0,0.0,0.0,10.975,1.0,1
sklearn_builtin,iris,3,80,4,2,manhattan,15,0.0,0.0,0.0,0.0,14.925,1.0,1
sklearn_builtin,iris,3,80,4,2,cosine,1,0.0125,0.0125,1.0,1.0,1.0,1.0,1
sklearn_builtin,iris,3,80,4,2,cosine,3,0.0125,0.0,0.0125,0.0125,2.975,1.0,1
sklearn_builtin,iris,3,80,4,2,cosine,5,0.0,0.0,0.0125,0.0125,4.925,1.0,1
sklearn_builtin,iris,3,80,4,2,cosine,7,0.0,0.0,0.0,0.0,6.925,1.0,1
sklearn_builtin,iris,3,80,4,2,cosine,9,0.0,0.0,0.0,0.0,8.875,1.0,1
sklearn_builtin,iris,3,80,4,2,cosine,11,0.0,0.0,0.0,0.0,10.85,1.0,1
sklearn_builtin,iris,3,80,4,2,cosine,15,0.0,0.0,0.0,0.0,14.6,1.0,1
sklearn_builtin,iris,4,80,4,2,euclidean,1,0.0125,0.0125,1.0,1.0,1.0,1.0,0
sklearn_builtin,iris,4,80,4,2,euclidean,3,0.0,0.0,0.0125,0.0125,2.975,1.0,0
sklearn_builtin,iris,4,80,4,2,euclidean,5,0.0,0.0,0.0125,0.0125,4.95,1.0,0
sklearn_builtin,iris,4,80,4,2,euclidean,7,0.0,0.0,0.0125,0.0125,6.925,1.0,0
sklearn_builtin,iris,4,80,4,2,euclidean,9,0.0,0.0,0.0,0.0,8.925,1.0,0
sklearn_builtin,iris,4,80,4,2,euclidean,11,0.0,0.0,0.0,0.0,10.85,1.0,0
sklearn_builtin,iris,4,80,4,2,euclidean,15,0.0,0.0,0.0,0.0,14.775,1.0,0
sklearn_builtin,iris,4,80,4,2,manhattan,1,0.0,0.0,1.0,1.0,1.0,1.0,0
sklearn_builtin,iris,4,80,4,2,manhattan,3,0.0,0.0,0.0,0.0,3.0,1.0,0
sklearn_builtin,iris,4,80,4,2,manhattan,5,0.0,0.0,0.0,0.0,5.0,1.0,0
sklearn_builtin,iris,4,80,4,2,manhattan,7,0.0,0.0,0.0,0.0,7.0,1.0,0
sklearn_builtin,iris,4,80,4,2,manhattan,9,0.0,0.0,0.0,0.0,8.975,1.0,0
sklearn_builtin,iris,4,80,4,2,manhattan,11,0.0,0.0,0.0,0.0,10.95,1.0,0
sklearn_builtin,iris,4,80,4,2,manhattan,15,0.0,0.0,0.0,0.0,14.875,1.0,0
sklearn_builtin,iris,4,80,4,2,cosine,1,0.0125,0.0125,1.0,1.0,1.0,1.0,0
sklearn_builtin,iris,4,80,4,2,cosine,3,0.0125,0.0,0.0125,0.0125,2.975,1.0,0
sklearn_builtin,iris,4,80,4,2,cosine,5,0.0,0.0,0.0125,0.0125,4.925,1.0,0
sklearn_builtin,iris,4,80,4,2,cosine,7,0.0,0.0,0.0125,0.0125,6.9,1.0,0
sklearn_builtin,iris,4,80,4,2,cosine,9,0.0,0.0,0.0,0.0,8.85,1.0,0
sklearn_builtin,iris,4,80,4,2,cosine,11,0.0,0.0,0.0125,0.0125,10.75,1.0,0
sklearn_builtin,iris,4,80,4,2,cosine,15,0.0,0.0,0.0125,0.0125,14.575,1.0,0
sklearn_builtin,iris,5,80,4,2,euclidean,1,0.0125,0.0125,1.0,1.0,1.0,1.0,0
sklearn_builtin,iris,5,80,4,2,euclidean,3,0.0125,0.0,0.0125,0.0125,2.975,1.0,0
sklearn_builtin,iris,5,80,4,2,euclidean,5,0.0125,0.0125,0.0125,0.0125,4.95,1.0,0
sklearn_builtin,iris,5,80,4,2,euclidean,7,0.0,0.0,0.0125,0.0125,6.925,1.0,0
sklearn_builtin,iris,5,80,4,2,euclidean,9,0.0,0.0,0.0125,0.0125,8.9,1.0,0
sklearn_builtin,iris,5,80,4,2,euclidean,11,0.0,0.0,0.0,0.0,10.9,1.0,0
sklearn_builtin,iris,5,80,4,2,euclidean,15,0.0,0.0,0.0,0.0,14.8,1.0,0
sklearn_builtin,iris,5,80,4,2,manhattan,1,0.0,0.0,1.0,1.0,1.0,1.0,0
sklearn_builtin,iris,5,80,4,2,manhattan,3,0.0,0.0,0.0,0.0,3.0,1.0,0
sklearn_builtin,iris,5,80,4,2,manhattan,5,0.0,0.0,0.0,0.0,5.0,1.0,0
sklearn_builtin,iris,5,80,4,2,manhattan,7,0.0,0.0,0.0,0.0,7.0,1.0,0
sklearn_builtin,iris,5,80,4,2,manhattan,9,0.0,0.0,0.0,0.0,9.0,1.0,0
sklearn_builtin,iris,5,80,4,2,manhattan,11,0.0,0.0,0.0,0.0,11.0,1.0,0
sklearn_builtin,iris,5,80,4,2,manhattan,15,0.0,0.0,0.0,0.0,14.9,1.0,0
sklearn_builtin,iris,5,80,4,2,cosine,1,0.0125,0.0125,1.0,1.0,1.0,1.0,0
sklearn_builtin,iris,5,80,4,2,cosine,3,0.0125,0.0,0.0125,0.0125,2.975,1.0,0
sklearn_builtin,iris,5,80,4,2,cosine,5,0.0125,0.0,0.0125,0.0125,4.95,1.0,0
sklearn_builtin,iris,5,80,4,2,cosine,7,0.0,0.0,0.0125,0.0125,6.9,1.0,0
sklearn_builtin,iris,5,80,4,2,cosine,9,0.0,0.0,0.0125,0.0125,8.875,1.0,0
sklearn_builtin,iris,5,80,4,2,cosine,11,0.0,0.0,0.0,0.0,10.825,1.0,0
sklearn_builtin,iris,5,80,4,2,cosine,15,0.0,0.0,0.0,0.0,14.675,1.0,0
sklearn_builtin,iris,6,80,4,2,euclidean,1,0.0,0.0,1.0,1.0,1.0,1.0,1
sklearn_builtin,iris,6,80,4,2,euclidean,3,0.0,0.0,0.0,0.0,3.0,1.0,1
sklearn_builtin,iris,6,80,4,2,euclidean,5,0.0,0.0,0.0,0.0,5.0,1.0,1
sklearn_builtin,iris,6,80,4,2,euclidean,7,0.0,0.0,0.0,0.0,7.0,1.0,1
sklearn_builtin,iris,6,80,4,2,euclidean,9,0.0,0.0,0.0,0.0,9.0,1.0,1
sklearn_builtin,iris,6,80,4,2,euclidean,11,0.0,0.0,0.0,0.0,11.0,1.0,1
sklearn_builtin,iris,6,80,4,2,euclidean,15,0.0,0.0,0.0,0.0,15.0,1.0,1
sklearn_builtin,iris,6,80,4,2,manhattan,1,0.0,0.0,1.0,1.0,1.0,1.0,1
sklearn_builtin,iris,6,80,4,2,manhattan,3,0.0,0.0,0.0,0.0,3.0,1.0,1
sklearn_builtin,iris,6,80,4,2,manhattan,5,0.0,0.0,0.0,0.0,5.0,1.0,1
sklearn_builtin,iris,6,80,4,2,manhattan,7,0.0,0.0,0.0,0.0,7.0,1.0,1
sklearn_builtin,iris,6,80,4,2,manhattan,9,0.0,0.0,0.0,0.0,9.0,1.0,1
sklearn_builtin,iris,6,80,4,2,manhattan,11,0.0,0.0,0.0,0.0,11.0,1.0,1
sklearn_builtin,iris,6,80,4,2,manhattan,15,0.0,0.0,0.0,0.0,15.0,1.0,1
sklearn_builtin,iris,6,80,4,2,cosine,1,0.0,0.0,1.0,1.0,1.0,1.0,1
sklearn_builtin,iris,6,80,4,2,cosine,3,0.0,0.0,0.0,0.0,3.0,1.0,1
sklearn_builtin,iris,6,80,4,2,cosine,5,0.0,0.0,0.0,0.0,5.0,1.0,1
sklearn_builtin,iris,6,80,4,2,cosine,7,0.0,0.0,0.0,0.0,7.0,1.0,1
sklearn_builtin,iris,6,80,4,2,cosine,9,0.0,0.0,0.0,0.0,9.0,1.0,1
sklearn_builtin,iris,6,80,4,2,cosine,11,0.0,0.0,0.0,0.0,11.0,1.0,1
sklearn_builtin,iris,6,80,4,2,cosine,15,0.0,0.0,0.0,0.0,15.0,1.0,1
sklearn_builtin,iris,7,80,4,2,euclidean,1,0.0,0.0,1.0,1.0,1.0,1.0,1
sklearn_builtin,iris,7,80,4,2,euclidean,3,0.0,0.0,0.0,0.0,3.0,1.0,1
sklearn_builtin,iris,7,80,4,2,euclidean,5,0.0,0.0,0.0,0.0,5.0,1.0,1
sklearn_builtin,iris,7,80,4,2,euclidean,7,0.0,0.0,0.0,0.0,7.0,1.0,1
sklearn_builtin,iris,7,80,4,2,euclidean,9,0.0,0.0,0.0,0.0,9.0,1.0,1
sklearn_builtin,iris,7,80,4,2,euclidean,11,0.0,0.0,0.0,0.0,11.0,1.0,1
sklearn_builtin,iris,7,80,4,2,euclidean,15,0.0,0.0,0.0,0.0,15.0,1.0,1
sklearn_builtin,iris,7,80,4,2,manhattan,1,0.0,0.0,1.0,1.0,1.0,1.0,1
sklearn_builtin,iris,7,80,4,2,manhattan,3,0.0,0.0,0.0,0.0,3.0,1.0,1
sklearn_builtin,iris,7,80,4,2,manhattan,5,0.0,0.0,0.0,0.0,5.0,1.0,1
sklearn_builtin,iris,7,80,4,2,manhattan,7,0.0,0.0,0.0,0.0,7.0,1.0,1
sklearn_builtin,iris,7,80,4,2,manhattan,9,0.0,0.0,0.0,0.0,9.0,1.0,1
sklearn_builtin,iris,7,80,4,2,manhattan,11,0.0,0.0,0.0,0.0,11.0,1.0,1
sklearn_builtin,iris,7,80,4,2,manhattan,15,0.0,0.0,0.0,0.0,15.0,1.0,1
sklearn_builtin,iris,7,80,4,2,cosine,1,0.0,0.0,1.0,1.0,1.0,1.0,1
sklearn_builtin,iris,7,80,4,2,cosine,3,0.0,0.0,0.0,0.0,3.0,1.0,1
sklearn_builtin,iris,7,80,4,2,cosine,5,0.0,0.0,0.0,0.0,5.0,1.0,1
sklearn_builtin,iris,7,80,4,2,cosine,7,0.0,0.0,0.0,0.0,7.0,1.0,1
sklearn_builtin,iris,7,80,4,2,cosine,9,0.0,0.0,0.0,0.0,9.0,1.0,1
sklearn_builtin,iris,7,80,4,2,cosine,11,0.0,0.0,0.0,0.0,11.0,1.0,1
sklearn_builtin,iris,7,80,4,2,cosine,15,0.0,0.0,0.0,0.0,14.9,1.0,1
sklearn_builtin,iris,8,80,4,2,euclidean,1,0.0125,0.0125,1.0,1.0,1.0,1.0,1
sklearn_builtin,iris,8,80,4,2,euclidean,3,0.0,0.0,0.0125,0.0125,2.975,1.0,1
sklearn_builtin,iris,8,80,4,2,euclidean,5,0.0,0.0,0.0,0.0,4.975,1.0,1
sklearn_builtin,iris,8,80,4,2,euclidean,7,0.0,0.0,0.0,0.0,6.95,1.0,1
sklearn_builtin,iris,8,80,4,2,euclidean,9,0.0,0.0,0.0,0.0,8.925,1.0,1
sklearn_builtin,iris,8,80,4,2,euclidean,11,0.0,0.0,0.0,0.0,10.875,1.0,1
sklearn_builtin,iris,8,80,4,2,euclidean,15,0.0,0.0,0.0,0.0,14.8,1.0,1
sklearn_builtin,iris,8,80,4,2,manhattan,1,0.0,0.0,1.0,1.0,1.0,1.0,1
sklearn_builtin,iris,8,80,4,2,manhattan,3,0.0,0.0,0.0,0.0,3.0,1.0,1
sklearn_builtin,iris,8,80,4,2,manhattan,5,0.0,0.0,0.0,0.0,5.0,1.0,1
sklearn_builtin,iris,8,80,4,2,manhattan,7,0.0,0.0,0.0,0.0,7.0,1.0,1
sklearn_builtin,iris,8,80,4,2,manhattan,9,0.0,0.0,0.0,0.0,8.975,1.0,1
sklearn_builtin,iris,8,80,4,2,manhattan,11,0.0,0.0,0.0,0.0,10.975,1.0,1
sklearn_builtin,iris,8,80,4,2,manhattan,15,0.0,0.0,0.0,0.0,14.925,1.0,1
sklearn_builtin,iris,8,80,4,2,cosine,1,0.0125,0.0125,1.0,1.0,1.0,1.0,1
sklearn_builtin,iris,8,80,4,2,cosine,3,0.0,0.0,0.0125,0.0125,2.975,1.0,1
sklearn_builtin,iris,8,80,4,2,cosine,5,0.0,0.0,0.0,0.0,4.975,1.0,1
sklearn_builtin,iris,8,80,4,2,cosine,7,0.0,0.0,0.0,0.0,6.95,1.0,1
sklearn_builtin,iris,8,80,4,2,cosine,9,0.0,0.0,0.0,0.0,8.9,1.0,1
sklearn_builtin,iris,8,80,4,2,cosine,11,0.0,0.0,0.0,0.0,10.825,1.0,1
sklearn_builtin,iris,8,80,4,2,cosine,15,0.0,0.0,0.0,0.0,14.725,1.0,1
sklearn_builtin,iris,9,80,4,2,euclidean,1,0.0,0.0,1.0,1.0,1.0,1.0,0
sklearn_builtin,iris,9,80,4,2,euclidean,3,0.0,0.0,0.0,0.0,3.0,1.0,0
sklearn_builtin,iris,9,80,4,2,euclidean,5,0.0,0.0,0.0,0.0,5.0,1.0,0
sklearn_builtin,iris,9,80,4,2,euclidean,7,0.0,0.0,0.0,0.0,7.0,1.0,0
sklearn_builtin,iris,9,80,4,2,euclidean,9,0.0,0.0,0.0,0.0,9.0,1.0,0
sklearn_builtin,iris,9,80,4,2,euclidean,11,0.0,0.0,0.0,0.0,11.0,1.0,0
sklearn_builtin,iris,9,80,4,2,euclidean,15,0.0,0.0,0.0,0.0,15.0,1.0,0
sklearn_builtin,iris,9,80,4,2,manhattan,1,0.0,0.0,1.0,1.0,1.0,1.0,0
sklearn_builtin,iris,9,80,4,2,manhattan,3,0.0,0.0,0.0,0.0,3.0,1.0,0
sklearn_builtin,iris,9,80,4,2,manhattan,5,0.0,0.0,0.0,0.0,5.0,1.0,0
sklearn_builtin,iris,9,80,4,2,manhattan,7,0.0,0.0,0.0,0.0,7.0,1.0,0
sklearn_builtin,iris,9,80,4,2,manhattan,9,0.0,0.0,0.0,0.0,9.0,1.0,0
sklearn_builtin,iris,9,80,4,2,manhattan,11,0.0,0.0,0.0,0.0,11.0,1.0,0
sklearn_builtin,iris,9,80,4,2,manhattan,15,0.0,0.0,0.0,0.0,15.0,1.0,0
sklearn_builtin,iris,9,80,4,2,cosine,1,0.0,0.0,1.0,1.0,1.0,1.0,0
sklearn_builtin,iris,9,80,4,2,cosine,3,0.0,0.0,0.0,0.0,3.0,1.0,0
sklearn_builtin,iris,9,80,4,2,cosine,5,0.0,0.0,0.0,0.0,5.0,1.0,0
sklearn_builtin,iris,9,80,4,2,cosine,7,0.0,0.0,0.0,0.0,7.0,1.0,0
sklearn_builtin,iris,9,80,4,2,cosine,9,0.0,0.0,0.0,0.0,9.0,1.0,0
sklearn_builtin,iris,9,80,4,2,cosine,11,0.0,0.0,0.0,0.0,11.0,1.0,0
sklearn_builtin,iris,9,80,4,2,cosine,15,0.0,0.0,0.0,0.0,14.925,1.0,0
sklearn_builtin,iris,10,80,4,2,euclidean,1,0.0125,0.0125,1.0,1.0,1.0,1.0,1
sklearn_builtin,iris,10,80,4,2,euclidean,3,0.0,0.0,0.0125,0.0125,2.975,1.0,1
sklearn_builtin,iris,10,80,4,2,euclidean,5,0.0,0.0,0.0,0.0,4.975,1.0,1
sklearn_builtin,iris,10,80,4,2,euclidean,7,0.0,0.0,0.0,0.0,6.975,1.0,1
sklearn_builtin,iris,10,80,4,2,euclidean,9,0.0,0.0,0.0,0.0,8.95,1.0,1
sklearn_builtin,iris,10,80,4,2,euclidean,11,0.0,0.0,0.0,0.0,10.95,1.0,1
sklearn_builtin,iris,10,80,4,2,euclidean,15,0.0,0.0,0.0,0.0,14.85,1.0,1
sklearn_builtin,iris,10,80,4,2,manhattan,1,0.0,0.0,1.0,1.0,1.0,1.0,1
sklearn_builtin,iris,10,80,4,2,manhattan,3,0.0,0.0,0.0,0.0,3.0,1.0,1
sklearn_builtin,iris,10,80,4,2,manhattan,5,0.0,0.0,0.0,0.0,5.0,1.0,1
sklearn_builtin,iris,10,80,4,2,manhattan,7,0.0,0.0,0.0,0.0,7.0,1.0,1
sklearn_builtin,iris,10,80,4,2,manhattan,9,0.0,0.0,0.0,0.0,9.0,1.0,1
sklearn_builtin,iris,10,80,4,2,manhattan,11,0.0,0.0,0.0,0.0,10.95,1.0,1
sklearn_builtin,iris,10,80,4,2,manhattan,15,0.0,0.0,0.0,0.0,14.95,1.0,1
sklearn_builtin,iris,10,80,4,2,cosine,1,0.0125,0.0125,1.0,1.0,1.0,1.0,1
sklearn_builtin,iris,10,80,4,2,cosine,3,0.0,0.0,0.0125,0.0125,2.975,1.0,1
sklearn_builtin,iris,10,80,4,2,cosine,5,0.0,0.0,0.0,0.0,4.95,1.0,1
sklearn_builtin,iris,10,80,4,2,cosine,7,0.0,0.0,0.0,0.0,6.925,1.0,1
sklearn_builtin,iris,10,80,4,2,cosine,9,0.0,0.0,0.0,0.0,8.9,1.0,1
sklearn_builtin,iris,10,80,4,2,cosine,11,0.0,0.0,0.0,0.0,10.875,1.0,1
sklearn_builtin,iris,10,80,4,2,cosine,15,0.0,0.0,0.0,0.0,14.75,1.0,1
sklearn_builtin,iris,11,80,4,2,euclidean,1,0.0,0.0,1.0,1.0,1.0,1.0,1
sklearn_builtin,iris,11,80,4,2,euclidean,3,0.0,0.0,0.0,0.0,3.0,1.0,1
sklearn_builtin,iris,11,80,4,2,euclidean,5,0.0,0.0,0.0,0.0,5.0,1.0,1
sklearn_builtin,iris,11,80,4,2,euclidean,7,0.0,0.0,0.0,0.0,7.0,1.0,1
sklearn_builtin,iris,11,80,4,2,euclidean,9,0.0,0.0,0.0,0.0,9.0,1.0,1
sklearn_builtin,iris,11,80,4,2,euclidean,11,0.0,0.0,0.0,0.0,11.0,1.0,1
sklearn_builtin,iris,11,80,4,2,euclidean,15,0.0,0.0,0.0,0.0,15.0,1.0,1
sklearn_builtin,iris,11,80,4,2,manhattan,1,0.0,0.0,1.0,1.0,1.0,1.0,1
sklearn_builtin,iris,11,80,4,2,manhattan,3,0.0,0.0,0.0,0.0,3.0,1.0,1
sklearn_builtin,iris,11,80,4,2,manhattan,5,0.0,0.0,0.0,0.0,5.0,1.0,1
sklearn_builtin,iris,11,80,4,2,manhattan,7,0.0,0.0,0.0,0.0,7.0,1.0,1
sklearn_builtin,iris,11,80,4,2,manhattan,9,0.0,0.0,0.0,0.0,9.0,1.0,1
sklearn_builtin,iris,11,80,4,2,manhattan,11,0.0,0.0,0.0,0.0,11.0,1.0,1
sklearn_builtin,iris,11,80,4,2,manhattan,15,0.0,0.0,0.0,0.0,15.0,1.0,1
sklearn_builtin,iris,11,80,4,2,cosine,1,0.0,0.0,1.0,1.0,1.0,1.0,1
sklearn_builtin,iris,11,80,4,2,cosine,3,0.0,0.0,0.0,0.0,3.0,1.0,1
sklearn_builtin,iris,11,80,4,2,cosine,5,0.0,0.0,0.0,0.0,5.0,1.0,1
sklearn_builtin,iris,11,80,4,2,cosine,7,0.0,0.0,0.0,0.0,7.0,1.0,1
sklearn_builtin,iris,11,80,4,2,cosine,9,0.0,0.0,0.0,0.0,9.0,1.0,1
sklearn_builtin,iris,11,80,4,2,cosine,11,0.0,0.0,0.0,0.0,11.0,1.0,1
sklearn_builtin,iris,11,80,4,2,cosine,15,0.0,0.0,0.0,0.0,14.925,1.0,1
sklearn_builtin,wine,0,80,13,2,euclidean,1,0.0125,0.0125,1.0,1.0,1.0,1.0,0
sklearn_builtin,wine,0,80,13,2,euclidean,3,0.0125,0.0125,0.025,0.025,2.95,1.0,0
sklearn_builtin,wine,0,80,13,2,euclidean,5,0.0125,0.0,0.0125,0.0125,4.875,1.0,0
sklearn_builtin,wine,0,80,13,2,euclidean,7,0.0125,0.0,0.025,0.025,6.65,1.0,0
sklearn_builtin,wine,0,80,13,2,euclidean,9,0.0125,0.0,0.0,0.0,8.5,1.0,0
sklearn_builtin,wine,0,80,13,2,euclidean,11,0.0125,0.0,0.0,0.0,10.35,1.0,0
sklearn_builtin,wine,0,80,13,2,euclidean,15,0.0125,0.0,0.0,0.0,13.75,1.0,0
sklearn_builtin,wine,0,80,13,2,manhattan,1,0.0125,0.0125,1.0,1.0,1.0,1.0,0
sklearn_builtin,wine,0,80,13,2,manhattan,3,0.0,0.0,0.0125,0.0125,2.975,1.0,0
sklearn_builtin,wine,0,80,13,2,manhattan,5,0.0,0.0,0.0,0.0,4.9,1.0,0
sklearn_builtin,wine,0,80,13,2,manhattan,7,0.0,0.0,0.0,0.0,6.75,1.0,0
sklearn_builtin,wine,0,80,13,2,manhattan,9,0.0,0.0,0.0,0.0,8.55,1.0,0
sklearn_builtin,wine,0,80,13,2,manhattan,11,0.0,0.0,0.0,0.0,10.3,1.0,0
sklearn_builtin,wine,0,80,13,2,manhattan,15,0.0125,0.0125,0.0125,0.0125,13.675,1.0,0
sklearn_builtin,wine,0,80,13,2,cosine,1,0.0,0.0,1.0,1.0,1.0,1.0,0
sklearn_builtin,wine,0,80,13,2,cosine,3,0.0125,0.0125,0.0125,0.0125,2.975,1.0,0
sklearn_builtin,wine,0,80,13,2,cosine,5,0.0125,0.0,0.0125,0.0125,4.925,1.0,0
sklearn_builtin,wine,0,80,13,2,cosine,7,0.0125,0.0125,0.0125,0.0125,6.875,1.0,0
sklearn_builtin,wine,0,80,13,2,cosine,9,0.0125,0.0,0.0125,0.0125,8.725,1.0,0
sklearn_builtin,wine,0,80,13,2,cosine,11,0.0125,0.0,0.0,0.0,10.625,1.0,0
sklearn_builtin,wine,0,80,13,2,cosine,15,0.0125,0.0,0.0,0.0,14.25,1.0,0
sklearn_builtin,wine,1,80,13,2,euclidean,1,0.0125,0.0125,1.0,1.0,1.0,1.0,0
sklearn_builtin,wine,1,80,13,2,euclidean,3,0.0125,0.0,0.025,0.025,2.95,1.0,0
sklearn_builtin,wine,1,80,13,2,euclidean,5,0.025,0.0125,0.0125,0.0125,4.725,1.0,0
sklearn_builtin,wine,1,80,13,2,euclidean,7,0.0125,0.0,0.025,0.025,6.425,1.0,0
sklearn_builtin,wine,1,80,13,2,euclidean,9,0.025,0.0125,0.025,0.025,8.15,1.0,0
sklearn_builtin,wine,1,80,13,2,euclidean,11,0.025,0.0125,0.0125,0.0125,9.75,1.0,0
sklearn_builtin,wine,1,80,13,2,euclidean,15,0.0375,0.0125,0.025,0.025,12.925,1.0,0
sklearn_builtin,wine,1,80,13,2,manhattan,1,0.0,0.0,1.0,1.0,1.0,1.0,0
sklearn_builtin,wine,1,80,13,2,manhattan,3,0.0375,0.0375,0.0625,0.0625,2.875,1.0,0
sklearn_builtin,wine,1,80,13,2,manhattan,5,0.025,0.0125,0.05,0.05,4.675,1.0,0
sklearn_builtin,wine,1,80,13,2,manhattan,7,0.025,0.0,0.0125,0.0125,6.475,1.0,0
sklearn_builtin,wine,1,80,13,2,manhattan,9,0.0375,0.0125,0.0125,0.0125,8.225,1.0,0
sklearn_builtin,wine,1,80,13,2,manhattan,11,0.025,0.0,0.0125,0.0125,9.9,1.0,0
sklearn_builtin,wine,1,80,13,2,manhattan,15,0.025,0.0,0.0125,0.0125,13.175,1.0,0
sklearn_builtin,wine,1,80,13,2,cosine,1,0.025,0.025,1.0,1.0,1.0,1.0,0
sklearn_builtin,wine,1,80,13,2,cosine,3,0.0125,0.0,0.0375,0.0375,2.925,1.0,0
sklearn_builtin,wine,1,80,13,2,cosine,5,0.025,0.0125,0.0125,0.0125,4.725,1.0,0
sklearn_builtin,wine,1,80,13,2,cosine,7,0.0125,0.0,0.0125,0.0125,6.45,1.0,0
sklearn_builtin,wine,1,80,13,2,cosine,9,0.0125,0.0,0.0,0.0,8.15,1.0,0
sklearn_builtin,wine,1,80,13,2,cosine,11,0.025,0.0125,0.0125,0.0125,9.9,1.0,0
sklearn_builtin,wine,1,80,13,2,cosine,15,0.0375,0.025,0.025,0.025,13.225,1.0,0
sklearn_builtin,wine,2,80,13,2,euclidean,1,0.0125,0.0125,1.0,1.0,1.0,1.0,0
sklearn_builtin,wine,2,80,13,2,euclidean,3,0.025,0.0125,0.0375,0.0375,2.925,1.0,0
sklearn_builtin,wine,2,80,13,2,euclidean,5,0.025,0.025,0.025,0.025,4.725,1.0,0
sklearn_builtin,wine,2,80,13,2,euclidean,7,0.0,0.0,0.0375,0.0375,6.55,1.0,0
sklearn_builtin,wine,2,80,13,2,euclidean,9,0.0,0.0,0.0125,0.0125,8.4,1.0,0
sklearn_builtin,wine,2,80,13,2,euclidean,11,0.0,0.0,0.0125,0.0125,10.3,1.0,0
sklearn_builtin,wine,2,80,13,2,euclidean,15,0.0,0.0,0.0,0.0,13.725,1.0,0
sklearn_builtin,wine,2,80,13,2,manhattan,1,0.025,0.025,1.0,1.0,1.0,1.0,0
sklearn_builtin,wine,2,80,13,2,manhattan,3,0.025,0.0125,0.025,0.025,2.95,1.0,0
sklearn_builtin,wine,2,80,13,2,manhattan,5,0.0125,0.0,0.025,0.025,4.8,1.0,0
sklearn_builtin,wine,2,80,13,2,manhattan,7,0.025,0.0125,0.025,0.025,6.625,1.0,0
sklearn_builtin,wine,2,80,13,2,manhattan,9,0.0,0.0,0.025,0.025,8.55,1.0,0
sklearn_builtin,wine,2,80,13,2,manhattan,11,0.0125,0.0125,0.0125,0.0125,10.325,1.0,0
sklearn_builtin,wine,2,80,13,2,manhattan,15,0.0,0.0,0.0,0.0,13.725,1.0,0
sklearn_builtin,wine,2,80,13,2,cosine,1,0.025,0.025,1.0,1.0,1.0,1.0,0
sklearn_builtin,wine,2,80,13,2,cosine,3,0.0125,0.0,0.05,0.05,2.9,1.0,0
sklearn_builtin,wine,2,80,13,2,cosine,5,0.0125,0.0,0.025,0.025,4.775,1.0,0
sklearn_builtin,wine,2,80,13,2,cosine,7,0.0,0.0,0.0125,0.0125,6.7,1.0,0
sklearn_builtin,wine,2,80,13,2,cosine,9,0.0,0.0,0.0125,0.0125,8.6,1.0,0
sklearn_builtin,wine,2,80,13,2,cosine,11,0.0,0.0,0.0125,0.0125,10.375,1.0,0
sklearn_builtin,wine,2,80,13,2,cosine,15,0.0,0.0,0.0,0.0,14.1,1.0,0
sklearn_builtin,wine,3,80,13,2,euclidean,1,0.025,0.025,1.0,1.0,1.0,1.0,0
sklearn_builtin,wine,3,80,13,2,euclidean,3,0.0125,0.0,0.05,0.05,2.9,1.0,0
sklearn_builtin,wine,3,80,13,2,euclidean,5,0.0125,0.0,0.0375,0.0375,4.7,1.0,0
sklearn_builtin,wine,3,80,13,2,euclidean,7,0.0125,0.0,0.025,0.025,6.45,1.0,0
sklearn_builtin,wine,3,80,13,2,euclidean,9,0.0125,0.0,0.0125,0.0125,8.2,1.0,0
sklearn_builtin,wine,3,80,13,2,euclidean,11,0.0125,0.0,0.0,0.0,10.0,1.0,0
sklearn_builtin,wine,3,80,13,2,euclidean,15,0.0125,0.0,0.0,0.0,13.25,1.0,0
sklearn_builtin,wine,3,80,13,2,manhattan,1,0.0125,0.0125,1.0,1.0,1.0,1.0,0
sklearn_builtin,wine,3,80,13,2,manhattan,3,0.025,0.025,0.0375,0.0375,2.925,1.0,0
sklearn_builtin,wine,3,80,13,2,manhattan,5,0.0125,0.0,0.0375,0.0375,4.725,1.0,0
sklearn_builtin,wine,3,80,13,2,manhattan,7,0.0125,0.0,0.0,0.0,6.625,1.0,0
sklearn_builtin,wine,3,80,13,2,manhattan,9,0.0125,0.0,0.0,0.0,8.4,1.0,0
sklearn_builtin,wine,3,80,13,2,manhattan,11,0.0125,0.0,0.0,0.0,10.2,1.0,0
sklearn_builtin,wine,3,80,13,2,manhattan,15,0.0125,0.0,0.0,0.0,13.45,1.0,0
sklearn_builtin,wine,3,80,13,2,cosine,1,0.0375,0.0375,1.0,1.0,1.0,1.0,0
sklearn_builtin,wine,3,80,13,2,cosine,3,0.0125,0.0,0.075,0.075,2.85,1.0,0
sklearn_builtin,wine,3,80,13,2,cosine,5,0.0125,0.0,0.0125,0.0125,4.75,1.0,0
sklearn_builtin,wine,3,80,13,2,cosine,7,0.0125,0.0,0.0125,0.0125,6.65,1.0,0
sklearn_builtin,wine,3,80,13,2,cosine,9,0.0125,0.0,0.0,0.0,8.55,1.0,0
sklearn_builtin,wine,3,80,13,2,cosine,11,0.0125,0.0,0.0,0.0,10.3,1.0,0
sklearn_builtin,wine,3,80,13,2,cosine,15,0.0125,0.0,0.0,0.0,13.975,1.0,0
sklearn_builtin,wine,4,80,13,2,euclidean,1,0.025,0.025,1.0,1.0,1.0,1.0,0
sklearn_builtin,wine,4,80,13,2,euclidean,3,0.0375,0.0125,0.0625,0.0625,2.875,1.0,0
sklearn_builtin,wine,4,80,13,2,euclidean,5,0.05,0.0125,0.0375,0.0375,4.65,1.0,0
sklearn_builtin,wine,4,80,13,2,euclidean,7,0.0625,0.025,0.05,0.05,6.325,1.0,0
sklearn_builtin,wine,4,80,13,2,euclidean,9,0.0625,0.025,0.0625,0.0625,7.925,1.0,0
sklearn_builtin,wine,4,80,13,2,euclidean,11,0.05,0.0,0.05,0.05,9.475,1.0,0
sklearn_builtin,wine,4,80,13,2,euclidean,15,0.0375,0.0125,0.025,0.025,12.6,1.0,0
sklearn_builtin,wine,4,80,13,2,manhattan,1,0.025,0.025,1.0,1.0,1.0,1.0,0
sklearn_builtin,wine,4,80,13,2,manhattan,3,0.0375,0.0375,0.075,0.075,2.85,1.0,0
sklearn_builtin,wine,4,80,13,2,manhattan,5,0.025,0.0,0.05,0.05,4.675,1.0,0
sklearn_builtin,wine,4,80,13,2,manhattan,7,0.025,0.0125,0.025,0.025,6.525,1.0,0
sklearn_builtin,wine,4,80,13,2,manhattan,9,0.025,0.0125,0.025,0.025,8.175,1.0,0
sklearn_builtin,wine,4,80,13,2,manhattan,11,0.025,0.0,0.025,0.025,9.8,1.0,0
sklearn_builtin,wine,4,80,13,2,manhattan,15,0.05,0.0125,0.0375,0.0375,12.8,1.0,0
sklearn_builtin,wine,4,80,13,2,cosine,1,0.025,0.025,1.0,1.0,1.0,1.0,0
sklearn_builtin,wine,4,80,13,2,cosine,3,0.0375,0.0125,0.0875,0.0875,2.825,1.0,0
sklearn_builtin,wine,4,80,13,2,cosine,5,0.0375,0.0125,0.0375,0.0375,4.625,1.0,0
sklearn_builtin,wine,4,80,13,2,cosine,7,0.05,0.0375,0.05,0.05,6.375,1.0,0
sklearn_builtin,wine,4,80,13,2,cosine,9,0.05,0.025,0.0625,0.0625,7.975,1.0,0
sklearn_builtin,wine,4,80,13,2,cosine,11,0.0375,0.0,0.0375,0.0375,9.725,1.0,0
sklearn_builtin,wine,4,80,13,2,cosine,15,0.025,0.0,0.025,0.025,13.025,1.0,0
sklearn_builtin,wine,5,80,13,2,euclidean,1,0.0125,0.0125,1.0,1.0,1.0,1.0,0
sklearn_builtin,wine,5,80,13,2,euclidean,3,0.0,0.0,0.025,0.025,2.95,1.0,0
sklearn_builtin,wine,5,80,13,2,euclidean,5,0.0125,0.0125,0.0125,0.0125,4.85,1.0,0
sklearn_builtin,wine,5,80,13,2,euclidean,7,0.0125,0.0125,0.0125,0.0125,6.75,1.0,0
sklearn_builtin,wine,5,80,13,2,euclidean,9,0.0,0.0,0.0125,0.0125,8.625,1.0,0
sklearn_builtin,wine,5,80,13,2,euclidean,11,0.0125,0.0125,0.0125,0.0125,10.45,1.0,0
sklearn_builtin,wine,5,80,13,2,euclidean,15,0.025,0.0125,0.0125,0.0125,13.975,1.0,0
sklearn_builtin,wine,5,80,13,2,manhattan,1,0.0125,0.0125,1.0,1.0,1.0,1.0,0
sklearn_builtin,wine,5,80,13,2,manhattan,3,0.0125,0.0125,0.025,0.025,2.95,1.0,0
sklearn_builtin,wine,5,80,13,2,manhattan,5,0.0125,0.0,0.025,0.025,4.825,1.0,0
sklearn_builtin,wine,5,80,13,2,manhattan,7,0.0125,0.0,0.0,0.0,6.75,1.0,0
sklearn_builtin,wine,5,80,13,2,manhattan,9,0.0125,0.0,0.0125,0.0125,8.7,1.0,0
sklearn_builtin,wine,5,80,13,2,manhattan,11,0.0125,0.0,0.0125,0.0125,10.4,1.0,0
sklearn_builtin,wine,5,80,13,2,manhattan,15,0.025,0.0125,0.025,0.025,13.95,1.0,0
sklearn_builtin,wine,5,80,13,2,cosine,1,0.0125,0.0125,1.0,1.0,1.0,1.0,0
sklearn_builtin,wine,5,80,13,2,cosine,3,0.0125,0.0,0.05,0.05,2.9,1.0,0
sklearn_builtin,wine,5,80,13,2,cosine,5,0.0125,0.0125,0.0125,0.0125,4.825,1.0,0
sklearn_builtin,wine,5,80,13,2,cosine,7,0.0125,0.0,0.0125,0.0125,6.775,1.0,0
sklearn_builtin,wine,5,80,13,2,cosine,9,0.0125,0.0125,0.0125,0.0125,8.65,1.0,0
sklearn_builtin,wine,5,80,13,2,cosine,11,0.0125,0.0,0.0125,0.0125,10.525,1.0,0
sklearn_builtin,wine,5,80,13,2,cosine,15,0.025,0.0125,0.025,0.025,14.2,1.0,0
sklearn_builtin,wine,6,80,13,2,euclidean,1,0.05,0.05,1.0,1.0,1.0,1.0,0
sklearn_builtin,wine,6,80,13,2,euclidean,3,0.025,0.0,0.075,0.075,2.85,1.0,0
sklearn_builtin,wine,6,80,13,2,euclidean,5,0.0375,0.0125,0.05,0.05,4.6,1.0,0
sklearn_builtin,wine,6,80,13,2,euclidean,7,0.025,0.0125,0.075,0.075,6.175,1.0,0
sklearn_builtin,wine,6,80,13,2,euclidean,9,0.0125,0.0,0.025,0.025,8.075,1.0,0
sklearn_builtin,wine,6,80,13,2,euclidean,11,0.0125,0.0,0.025,0.025,9.75,1.0,0
sklearn_builtin,wine,6,80,13,2,euclidean,15,0.0125,0.0,0.0125,0.0125,12.875,1.0,0
sklearn_builtin,wine,6,80,13,2,manhattan,1,0.05,0.05,1.0,1.0,1.0,1.0,0
sklearn_builtin,wine,6,80,13,2,manhattan,3,0.025,0.0125,0.075,0.075,2.85,1.0,0
sklearn_builtin,wine,6,80,13,2,manhattan,5,0.0125,0.0,0.025,0.025,4.7,1.0,0
sklearn_builtin,wine,6,80,13,2,manhattan,7,0.025,0.0125,0.0125,0.0125,6.425,1.0,0
sklearn_builtin,wine,6,80,13,2,manhattan,9,0.0125,0.0,0.0125,0.0125,8.275,1.0,0
sklearn_builtin,wine,6,80,13,2,manhattan,11,0.025,0.0125,0.0125,0.0125,10.1,1.0,0
sklearn_builtin,wine,6,80,13,2,manhattan,15,0.025,0.0,0.0,0.0,13.425,1.0,0
sklearn_builtin,wine,6,80,13,2,cosine,1,0.0625,0.0625,1.0,1.0,1.0,1.0,0
sklearn_builtin,wine,6,80,13,2,cosine,3,0.0375,0.025,0.1,0.1,2.8,1.0,0
sklearn_builtin,wine,6,80,13,2,cosine,5,0.0125,0.0,0.075,0.075,4.625,1.0,0
sklearn_builtin,wine,6,80,13,2,cosine,7,0.0125,0.0,0.0375,0.0375,6.4,1.0,0
sklearn_builtin,wine,6,80,13,2,cosine,9,0.0125,0.0,0.0125,0.0125,8.2,1.0,0
sklearn_builtin,wine,6,80,13,2,cosine,11,0.025,0.0125,0.025,0.025,10.0,1.0,0
sklearn_builtin,wine,6,80,13,2,cosine,15,0.0125,0.0,0.0,0.0,13.425,1.0,0
sklearn_builtin,wine,7,80,13,2,euclidean,1,0.0125,0.0125,1.0,1.0,1.0,1.0,0
sklearn_builtin,wine,7,80,13,2,euclidean,3,0.0,0.0,0.05,0.05,2.9,1.0,0
sklearn_builtin,wine,7,80,13,2,euclidean,5,0.0125,0.0125,0.0125,0.0125,4.65,1.0,0
sklearn_builtin,wine,7,80,13,2,euclidean,7,0.0125,0.0,0.0125,0.0125,6.45,1.0,0
sklearn_builtin,wine,7,80,13,2,euclidean,9,0.0,0.0,0.0125,0.0125,8.175,1.0,0
sklearn_builtin,wine,7,80,13,2,euclidean,11,0.0,0.0,0.0,0.0,10.0,1.0,0
sklearn_builtin,wine,7,80,13,2,euclidean,15,0.0,0.0,0.0,0.0,13.25,1.0,0
sklearn_builtin,wine,7,80,13,2,manhattan,1,0.0125,0.0125,1.0,1.0,1.0,1.0,0
sklearn_builtin,wine,7,80,13,2,manhattan,3,0.0125,0.0125,0.05,0.05,2.9,1.0,0
sklearn_builtin,wine,7,80,13,2,manhattan,5,0.0125,0.0125,0.0125,0.0125,4.725,1.0,0
sklearn_builtin,wine,7,80,13,2,manhattan,7,0.0,0.0,0.0125,0.0125,6.5,1.0,0
sklearn_builtin,wine,7,80,13,2,manhattan,9,0.0125,0.0125,0.025,0.025,8.225,1.0,0
sklearn_builtin,wine,7,80,13,2,manhattan,11,0.0,0.0,0.0125,0.0125,10.05,1.0,0
sklearn_builtin,wine,7,80,13,2,manhattan,15,0.0,0.0,0.0125,0.0125,13.325,1.0,0
sklearn_builtin,wine,7,80,13,2,cosine,1,0.0125,0.0125,1.0,1.0,1.0,1.0,0
sklearn_builtin,wine,7,80,13,2,cosine,3,0.0,0.0,0.05,0.05,2.9,1.0,0
sklearn_builtin,wine,7,80,13,2,cosine,5,0.0,0.0,0.0,0.0,4.85,1.0,0
sklearn_builtin,wine,7,80,13,2,cosine,7,0.0,0.0,0.0,0.0,6.775,1.0,0
sklearn_builtin,wine,7,80,13,2,cosine,9,0.0,0.0,0.0,0.0,8.55,1.0,0
sklearn_builtin,wine,7,80,13,2,cosine,11,0.0,0.0,0.0125,0.0125,10.275,1.0,0
sklearn_builtin,wine,7,80,13,2,cosine,15,0.0,0.0,0.0,0.0,13.775,1.0,0
sklearn_builtin,wine,8,80,13,2,euclidean,1,0.0375,0.0375,1.0,1.0,1.0,1.0,0
sklearn_builtin,wine,8,80,13,2,euclidean,3,0.0375,0.025,0.05,0.05,2.9,1.0,0
sklearn_builtin,wine,8,80,13,2,euclidean,5,0.025,0.0125,0.0625,0.0625,4.65,1.0,0
sklearn_builtin,wine,8,80,13,2,euclidean,7,0.025,0.0125,0.05,0.05,6.45,1.0,0
sklearn_builtin,wine,8,80,13,2,euclidean,9,0.0125,0.0,0.0375,0.0375,8.25,1.0,0
sklearn_builtin,wine,8,80,13,2,euclidean,11,0.0125,0.0,0.025,0.025,9.875,1.0,0
sklearn_builtin,wine,8,80,13,2,euclidean,15,0.025,0.0125,0.0125,0.0125,12.9,1.0,0
sklearn_builtin,wine,8,80,13,2,manhattan,1,0.025,0.025,1.0,1.0,1.0,1.0,0
sklearn_builtin,wine,8,80,13,2,manhattan,3,0.05,0.025,0.05,0.05,2.9,1.0,0
sklearn_builtin,wine,8,80,13,2,manhattan,5,0.0375,0.0125,0.0625,0.0625,4.725,1.0,0
sklearn_builtin,wine,8,80,13,2,manhattan,7,0.0125,0.0,0.05,0.05,6.525,1.0,0
sklearn_builtin,wine,8,80,13,2,manhattan,9,0.0125,0.0,0.025,0.025,8.3,1.0,0
sklearn_builtin,wine,8,80,13,2,manhattan,11,0.0125,0.0,0.0125,0.0125,10.025,1.0,0
sklearn_builtin,wine,8,80,13,2,manhattan,15,0.0375,0.0125,0.025,0.025,13.075,1.0,0
sklearn_builtin,wine,8,80,13,2,cosine,1,0.0375,0.0375,1.0,1.0,1.0,1.0,0
sklearn_builtin,wine,8,80,13,2,cosine,3,0.025,0.0125,0.0625,0.0625,2.875,1.0,0
sklearn_builtin,wine,8,80,13,2,cosine,5,0.0,0.0,0.0375,0.0375,4.775,1.0,0
sklearn_builtin,wine,8,80,13,2,cosine,7,0.0,0.0,0.0125,0.0125,6.625,1.0,0
sklearn_builtin,wine,8,80,13,2,cosine,9,0.0,0.0,0.0125,0.0125,8.45,1.0,0
sklearn_builtin,wine,8,80,13,2,cosine,11,0.0,0.0,0.0125,0.0125,10.275,1.0,0
sklearn_builtin,wine,8,80,13,2,cosine,15,0.0,0.0,0.0125,0.0125,13.625,1.0,0
sklearn_builtin,wine,9,80,13,2,euclidean,1,0.025,0.025,1.0,1.0,1.0,1.0,0
sklearn_builtin,wine,9,80,13,2,euclidean,3,0.025,0.025,0.05,0.05,2.9,1.0,0
sklearn_builtin,wine,9,80,13,2,euclidean,5,0.025,0.0,0.0375,0.0375,4.575,1.0,0
sklearn_builtin,wine,9,80,13,2,euclidean,7,0.0125,0.0,0.025,0.025,6.4,1.0,0
sklearn_builtin,wine,9,80,13,2,euclidean,9,0.0125,0.0,0.0,0.0,8.15,1.0,0
sklearn_builtin,wine,9,80,13,2,euclidean,11,0.0125,0.0,0.0,0.0,9.95,1.0,0
sklearn_builtin,wine,9,80,13,2,euclidean,15,0.0125,0.0,0.0,0.0,12.8,1.0,0
sklearn_builtin,wine,9,80,13,2,manhattan,1,0.025,0.025,1.0,1.0,1.0,1.0,0
sklearn_builtin,wine,9,80,13,2,manhattan,3,0.0,0.0,0.025,0.025,2.95,1.0,0
sklearn_builtin,wine,9,80,13,2,manhattan,5,0.0,0.0,0.0125,0.0125,4.75,1.0,0
sklearn_builtin,wine,9,80,13,2,manhattan,7,0.0,0.0,0.0,0.0,6.625,1.0,0
sklearn_builtin,wine,9,80,13,2,manhattan,9,0.0,0.0,0.0,0.0,8.325,1.0,0
sklearn_builtin,wine,9,80,13,2,manhattan,11,0.0,0.0,0.0,0.0,9.95,1.0,0
sklearn_builtin,wine,9,80,13,2,manhattan,15,0.0,0.0,0.0,0.0,13.025,1.0,0
sklearn_builtin,wine,9,80,13,2,cosine,1,0.0125,0.0125,1.0,1.0,1.0,1.0,0
sklearn_builtin,wine,9,80,13,2,cosine,3,0.025,0.025,0.05,0.05,2.9,1.0,0
sklearn_builtin,wine,9,80,13,2,cosine,5,0.025,0.025,0.025,0.025,4.8,1.0,0
sklearn_builtin,wine,9,80,13,2,cosine,7,0.025,0.0125,0.025,0.025,6.675,1.0,0
sklearn_builtin,wine,9,80,13,2,cosine,9,0.0125,0.0,0.0125,0.0125,8.475,1.0,0
sklearn_builtin,wine,9,80,13,2,cosine,11,0.0125,0.0,0.0,0.0,10.25,1.0,0
sklearn_builtin,wine,9,80,13,2,cosine,15,0.0125,0.0,0.0,0.0,13.775,1.0,0
sklearn_builtin,wine,10,80,13,2,euclidean,1,0.05,0.05,1.0,1.0,1.0,1.0,0
sklearn_builtin,wine,10,80,13,2,euclidean,3,0.025,0.0125,0.0625,0.0625,2.875,1.0,0
sklearn_builtin,wine,10,80,13,2,euclidean,5,0.05,0.025,0.075,0.075,4.55,1.0,0
sklearn_builtin,wine,10,80,13,2,euclidean,7,0.05,0.0125,0.05,0.05,6.35,1.0,0
sklearn_builtin,wine,10,80,13,2,euclidean,9,0.05,0.0125,0.0375,0.0375,8.075,1.0,0
sklearn_builtin,wine,10,80,13,2,euclidean,11,0.025,0.0,0.05,0.05,9.7,1.0,0
sklearn_builtin,wine,10,80,13,2,euclidean,15,0.025,0.0,0.0125,0.0125,12.975,1.0,0
sklearn_builtin,wine,10,80,13,2,manhattan,1,0.0375,0.0375,1.0,1.0,1.0,1.0,0
sklearn_builtin,wine,10,80,13,2,manhattan,3,0.0375,0.025,0.0625,0.0625,2.875,1.0,0
sklearn_builtin,wine,10,80,13,2,manhattan,5,0.0375,0.0375,0.05,0.05,4.625,1.0,0
sklearn_builtin,wine,10,80,13,2,manhattan,7,0.025,0.0,0.0625,0.0625,6.35,1.0,0
sklearn_builtin,wine,10,80,13,2,manhattan,9,0.0375,0.0125,0.0375,0.0375,8.15,1.0,0
sklearn_builtin,wine,10,80,13,2,manhattan,11,0.05,0.0125,0.05,0.05,9.85,1.0,0
sklearn_builtin,wine,10,80,13,2,manhattan,15,0.0375,0.0125,0.0375,0.0375,13.1,1.0,0
sklearn_builtin,wine,10,80,13,2,cosine,1,0.0375,0.0375,1.0,1.0,1.0,1.0,0
sklearn_builtin,wine,10,80,13,2,cosine,3,0.025,0.0125,0.0625,0.0625,2.875,1.0,0
sklearn_builtin,wine,10,80,13,2,cosine,5,0.0375,0.025,0.0375,0.0375,4.7,1.0,0
sklearn_builtin,wine,10,80,13,2,cosine,7,0.0125,0.0,0.05,0.05,6.4,1.0,0
sklearn_builtin,wine,10,80,13,2,cosine,9,0.0125,0.0,0.0,0.0,8.3,1.0,0
sklearn_builtin,wine,10,80,13,2,cosine,11,0.0125,0.0,0.025,0.025,9.95,1.0,0
sklearn_builtin,wine,10,80,13,2,cosine,15,0.025,0.0125,0.0125,0.0125,13.5,1.0,0
sklearn_builtin,wine,11,80,13,2,euclidean,1,0.0625,0.0625,1.0,1.0,1.0,1.0,0
sklearn_builtin,wine,11,80,13,2,euclidean,3,0.0375,0.025,0.0875,0.0875,2.825,1.0,0
sklearn_builtin,wine,11,80,13,2,euclidean,5,0.0375,0.0125,0.0375,0.0375,4.65,1.0,0
sklearn_builtin,wine,11,80,13,2,euclidean,7,0.0625,0.025,0.0625,0.0625,6.4,1.0,0
sklearn_builtin,wine,11,80,13,2,euclidean,9,0.0375,0.0125,0.05,0.05,8.15,1.0,0
sklearn_builtin,wine,11,80,13,2,euclidean,11,0.0375,0.0125,0.025,0.025,9.925,1.0,0
sklearn_builtin,wine,11,80,13,2,euclidean,15,0.025,0.0,0.0,0.0,13.15,1.0,0
sklearn_builtin,wine,11,80,13,2,manhattan,1,0.075,0.075,1.0,1.0,1.0,1.0,0
sklearn_builtin,wine,11,80,13,2,manhattan,3,0.0375,0.025,0.1,0.1,2.8,1.0,0
sklearn_builtin,wine,11,80,13,2,manhattan,5,0.0375,0.0125,0.05,0.05,4.675,1.0,0
sklearn_builtin,wine,11,80,13,2,manhattan,7,0.025,0.0125,0.0375,0.0375,6.425,1.0,0
sklearn_builtin,wine,11,80,13,2,manhattan,9,0.0375,0.025,0.025,0.025,8.225,1.0,0
sklearn_builtin,wine,11,80,13,2,manhattan,11,0.025,0.0125,0.025,0.025,10.0,1.0,0
sklearn_builtin,wine,11,80,13,2,manhattan,15,0.0375,0.0125,0.0375,0.0375,13.3,1.0,0
sklearn_builtin,wine,11,80,13,2,cosine,1,0.0875,0.0875,1.0,1.0,1.0,1.0,0
sklearn_builtin,wine,11,80,13,2,cosine,3,0.05,0.0375,0.1125,0.1125,2.775,1.0,0
sklearn_builtin,wine,11,80,13,2,cosine,5,0.05,0.025,0.0625,0.0625,4.65,1.0,0
sklearn_builtin,wine,11,80,13,2,cosine,7,0.0375,0.0125,0.05,0.05,6.5,1.0,0
sklearn_builtin,wine,11,80,13,2,cosine,9,0.025,0.0,0.025,0.025,8.275,1.0,0
sklearn_builtin,wine,11,80,13,2,cosine,11,0.025,0.0,0.0125,0.0125,10.15,1.0,0
sklearn_builtin,wine,11,80,13,2,cosine,15,0.025,0.0125,0.025,0.025,13.525,1.0,0
sklearn_builtin,breast_cancer,0,80,30,2,euclidean,1,0.075,0.075,1.0,1.0,1.0,1.0,0
sklearn_builtin,breast_cancer,0,80,30,2,euclidean,3,0.0625,0.0375,0.1,0.1,2.8,1.0,0
sklearn_builtin,breast_cancer,0,80,30,2,euclidean,5,0.075,0.0375,0.075,0.075,4.525,1.0,0
sklearn_builtin,breast_cancer,0,80,30,2,euclidean,7,0.0875,0.0375,0.075,0.075,6.225,1.0,0
sklearn_builtin,breast_cancer,0,80,30,2,euclidean,9,0.075,0.0,0.05,0.05,7.85,1.0,0
sklearn_builtin,breast_cancer,0,80,30,2,euclidean,11,0.075,0.0125,0.025,0.025,9.4,1.0,0
sklearn_builtin,breast_cancer,0,80,30,2,euclidean,15,0.0875,0.025,0.0375,0.0375,12.025,1.0,0
sklearn_builtin,breast_cancer,0,80,30,2,manhattan,1,0.075,0.075,1.0,1.0,1.0,1.0,0
sklearn_builtin,breast_cancer,0,80,30,2,manhattan,3,0.075,0.0375,0.075,0.075,2.85,1.0,0
sklearn_builtin,breast_cancer,0,80,30,2,manhattan,5,0.0625,0.0125,0.075,0.075,4.55,1.0,0
sklearn_builtin,breast_cancer,0,80,30,2,manhattan,7,0.0625,0.025,0.05,0.05,6.25,1.0,0
sklearn_builtin,breast_cancer,0,80,30,2,manhattan,9,0.0625,0.0125,0.05,0.05,7.775,1.0,0
sklearn_builtin,breast_cancer,0,80,30,2,manhattan,11,0.0625,0.0125,0.05,0.05,9.325,1.0,0
sklearn_builtin,breast_cancer,0,80,30,2,manhattan,15,0.05,0.0,0.025,0.025,12.225,1.0,0
sklearn_builtin,breast_cancer,0,80,30,2,cosine,1,0.05,0.05,1.0,1.0,1.0,1.0,0
sklearn_builtin,breast_cancer,0,80,30,2,cosine,3,0.0375,0.025,0.075,0.075,2.85,1.0,0
sklearn_builtin,breast_cancer,0,80,30,2,cosine,5,0.025,0.0125,0.0375,0.0375,4.75,1.0,0
sklearn_builtin,breast_cancer,0,80,30,2,cosine,7,0.0375,0.025,0.025,0.025,6.6,1.0,0
sklearn_builtin,breast_cancer,0,80,30,2,cosine,9,0.0375,0.0,0.0375,0.0375,8.3,1.0,0
sklearn_builtin,breast_cancer,0,80,30,2,cosine,11,0.0375,0.0,0.0125,0.0125,10.025,1.0,0
sklearn_builtin,breast_cancer,0,80,30,2,cosine,15,0.05,0.0125,0.025,0.025,12.9,1.0,0
sklearn_builtin,breast_cancer,1,80,30,2,euclidean,1,0.0625,0.0625,1.0,1.0,1.0,1.0,0
sklearn_builtin,breast_cancer,1,80,30,2,euclidean,3,0.075,0.05,0.125,0.125,2.75,1.0,0
sklearn_builtin,breast_cancer,1,80,30,2,euclidean,5,0.05,0.0125,0.075,0.075,4.375,1.0,0
sklearn_builtin,breast_cancer,1,80,30,2,euclidean,7,0.05,0.0,0.0625,0.0625,6.1,1.0,0
sklearn_builtin,breast_cancer,1,80,30,2,euclidean,9,0.05,0.0,0.0375,0.0375,7.875,1.0,0
sklearn_builtin,breast_cancer,1,80,30,2,euclidean,11,0.05,0.0125,0.0125,0.0125,9.675,1.0,0
sklearn_builtin,breast_cancer,1,80,30,2,euclidean,15,0.05,0.0,0.0125,0.0125,13.05,1.0,0
sklearn_builtin,breast_cancer,1,80,30,2,manhattan,1,0.0375,0.0375,1.0,1.0,1.0,1.0,0
sklearn_builtin,breast_cancer,1,80,30,2,manhattan,3,0.0625,0.0375,0.0875,0.0875,2.825,1.0,0
sklearn_builtin,breast_cancer,1,80,30,2,manhattan,5,0.0625,0.0125,0.0625,0.0625,4.625,1.0,0
sklearn_builtin,breast_cancer,1,80,30,2,manhattan,7,0.05,0.0,0.05,0.05,6.425,1.0,0
sklearn_builtin,breast_cancer,1,80,30,2,manhattan,9,0.05,0.0,0.0125,0.0125,8.275,1.0,0
sklearn_builtin,breast_cancer,1,80,30,2,manhattan,11,0.05,0.0125,0.0125,0.0125,10.05,1.0,0
sklearn_builtin,breast_cancer,1,80,30,2,manhattan,15,0.05,0.0125,0.0125,0.0125,13.425,1.0,0
sklearn_builtin,breast_cancer,1,80,30,2,cosine,1,0.05,0.05,1.0,1.0,1.0,1.0,0
sklearn_builtin,breast_cancer,1,80,30,2,cosine,3,0.0375,0.0125,0.0625,0.0625,2.875,1.0,0
sklearn_builtin,breast_cancer,1,80,30,2,cosine,5,0.05,0.0125,0.0375,0.0375,4.675,1.0,0
sklearn_builtin,breast_cancer,1,80,30,2,cosine,7,0.05,0.0,0.0375,0.0375,6.475,1.0,0
sklearn_builtin,breast_cancer,1,80,30,2,cosine,9,0.0375,0.0,0.025,0.025,8.325,1.0,0
sklearn_builtin,breast_cancer,1,80,30,2,cosine,11,0.0375,0.0,0.0,0.0,10.125,1.0,0
sklearn_builtin,breast_cancer,1,80,30,2,cosine,15,0.0375,0.0,0.0,0.0,13.6,1.0,0
sklearn_builtin,breast_cancer,2,80,30,2,euclidean,1,0.1,0.1,1.0,1.0,1.0,1.0,0
sklearn_builtin,breast_cancer,2,80,30,2,euclidean,3,0.0375,0.0,0.1625,0.1625,2.675,1.0,0
sklearn_builtin,breast_cancer,2,80,30,2,euclidean,5,0.05,0.025,0.0875,0.0875,4.25,1.0,0
sklearn_builtin,breast_cancer,2,80,30,2,euclidean,7,0.05,0.0,0.05,0.05,5.875,1.0,0
sklearn_builtin,breast_cancer,2,80,30,2,euclidean,9,0.05,0.0125,0.025,0.025,7.275,1.0,0
sklearn_builtin,breast_cancer,2,80,30,2,euclidean,11,0.0625,0.0125,0.0375,0.0375,8.625,1.0,0
sklearn_builtin,breast_cancer,2,80,30,2,euclidean,15,0.075,0.0,0.0125,0.0125,11.175,1.0,0
sklearn_builtin,breast_cancer,2,80,30,2,manhattan,1,0.0875,0.0875,1.0,1.0,1.0,1.0,0
sklearn_builtin,breast_cancer,2,80,30,2,manhattan,3,0.05,0.025,0.15,0.15,2.7,1.0,0
sklearn_builtin,breast_cancer,2,80,30,2,manhattan,5,0.0625,0.0125,0.0625,0.0625,4.4,1.0,0
sklearn_builtin,breast_cancer,2,80,30,2,manhattan,7,0.0625,0.0,0.05,0.05,5.925,1.0,0
sklearn_builtin,breast_cancer,2,80,30,2,manhattan,9,0.075,0.025,0.0375,0.0375,7.5,1.0,0
sklearn_builtin,breast_cancer,2,80,30,2,manhattan,11,0.05,0.0125,0.05,0.05,8.875,1.0,0
sklearn_builtin,breast_cancer,2,80,30,2,manhattan,15,0.0875,0.025,0.0375,0.0375,11.575,1.0,0
sklearn_builtin,breast_cancer,2,80,30,2,cosine,1,0.075,0.075,1.0,1.0,1.0,1.0,0
sklearn_builtin,breast_cancer,2,80,30,2,cosine,3,0.05,0.0125,0.1125,0.1125,2.775,1.0,0
sklearn_builtin,breast_cancer,2,80,30,2,cosine,5,0.0375,0.0125,0.075,0.075,4.45,1.0,0
sklearn_builtin,breast_cancer,2,80,30,2,cosine,7,0.025,0.0,0.025,0.025,6.225,1.0,0
sklearn_builtin,breast_cancer,2,80,30,2,cosine,9,0.0375,0.0125,0.0125,0.0125,7.825,1.0,0
sklearn_builtin,breast_cancer,2,80,30,2,cosine,11,0.05,0.0125,0.0375,0.0375,9.5,1.0,0
sklearn_builtin,breast_cancer,2,80,30,2,cosine,15,0.075,0.0125,0.05,0.05,12.45,1.0,0
sklearn_builtin,breast_cancer,3,80,30,2,euclidean,1,0.075,0.075,1.0,1.0,1.0,1.0,0
sklearn_builtin,breast_cancer,3,80,30,2,euclidean,3,0.025,0.0,0.125,0.125,2.75,1.0,0
sklearn_builtin,breast_cancer,3,80,30,2,euclidean,5,0.0375,0.0125,0.0125,0.0125,4.45,1.0,0
sklearn_builtin,breast_cancer,3,80,30,2,euclidean,7,0.0375,0.0125,0.025,0.025,5.975,1.0,0
sklearn_builtin,breast_cancer,3,80,30,2,euclidean,9,0.0375,0.0,0.025,0.025,7.525,1.0,0
sklearn_builtin,breast_cancer,3,80,30,2,euclidean,11,0.0625,0.025,0.0375,0.0375,9.05,1.0,0
sklearn_builtin,breast_cancer,3,80,30,2,euclidean,15,0.0875,0.0,0.05,0.05,11.775,1.0,0
sklearn_builtin,breast_cancer,3,80,30,2,manhattan,1,0.075,0.075,1.0,1.0,1.0,1.0,0
sklearn_builtin,breast_cancer,3,80,30,2,manhattan,3,0.025,0.0,0.0875,0.0875,2.825,1.0,0
sklearn_builtin,breast_cancer,3,80,30,2,manhattan,5,0.05,0.025,0.0375,0.0375,4.425,1.0,0
sklearn_builtin,breast_cancer,3,80,30,2,manhattan,7,0.0375,0.0125,0.0375,0.0375,6.125,1.0,0
sklearn_builtin,breast_cancer,3,80,30,2,manhattan,9,0.0625,0.025,0.0375,0.0375,7.5,1.0,0
sklearn_builtin,breast_cancer,3,80,30,2,manhattan,11,0.05,0.0,0.0375,0.0375,8.95,1.0,0
sklearn_builtin,breast_cancer,3,80,30,2,manhattan,15,0.075,0.025,0.025,0.025,11.9,1.0,0
sklearn_builtin,breast_cancer,3,80,30,2,cosine,1,0.0375,0.0375,1.0,1.0,1.0,1.0,0
sklearn_builtin,breast_cancer,3,80,30,2,cosine,3,0.025,0.0,0.05,0.05,2.9,1.0,0
sklearn_builtin,breast_cancer,3,80,30,2,cosine,5,0.025,0.0,0.0375,0.0375,4.65,1.0,0
sklearn_builtin,breast_cancer,3,80,30,2,cosine,7,0.0375,0.0125,0.025,0.025,6.375,1.0,0
sklearn_builtin,breast_cancer,3,80,30,2,cosine,9,0.0375,0.0125,0.0375,0.0375,8.0,1.0,0
sklearn_builtin,breast_cancer,3,80,30,2,cosine,11,0.05,0.0125,0.0375,0.0375,9.8,1.0,0
sklearn_builtin,breast_cancer,3,80,30,2,cosine,15,0.05,0.0,0.025,0.025,13.25,1.0,0
sklearn_builtin,breast_cancer,4,80,30,2,euclidean,1,0.1,0.1,1.0,1.0,1.0,1.0,0
sklearn_builtin,breast_cancer,4,80,30,2,euclidean,3,0.075,0.0375,0.175,0.175,2.65,1.0,0
sklearn_builtin,breast_cancer,4,80,30,2,euclidean,5,0.0875,0.025,0.0875,0.0875,4.325,1.0,0
sklearn_builtin,breast_cancer,4,80,30,2,euclidean,7,0.075,0.0,0.05,0.05,5.95,1.0,0
sklearn_builtin,breast_cancer,4,80,30,2,euclidean,9,0.075,0.0125,0.0375,0.0375,7.65,1.0,0
sklearn_builtin,breast_cancer,4,80,30,2,euclidean,11,0.1125,0.0375,0.075,0.075,9.275,1.0,0
sklearn_builtin,breast_cancer,4,80,30,2,euclidean,15,0.1,0.0125,0.05,0.05,12.45,1.0,0
sklearn_builtin,breast_cancer,4,80,30,2,manhattan,1,0.075,0.075,1.0,1.0,1.0,1.0,0
sklearn_builtin,breast_cancer,4,80,30,2,manhattan,3,0.0625,0.025,0.1375,0.1375,2.725,1.0,0
sklearn_builtin,breast_cancer,4,80,30,2,manhattan,5,0.05,0.0,0.0875,0.0875,4.325,1.0,0
sklearn_builtin,breast_cancer,4,80,30,2,manhattan,7,0.0625,0.0125,0.0375,0.0375,6.0,1.0,0
sklearn_builtin,breast_cancer,4,80,30,2,manhattan,9,0.075,0.0125,0.025,0.025,7.825,1.0,0
sklearn_builtin,breast_cancer,4,80,30,2,manhattan,11,0.0875,0.0375,0.05,0.05,9.475,1.0,0
sklearn_builtin,breast_cancer,4,80,30,2,manhattan,15,0.1,0.025,0.0375,0.0375,12.65,1.0,0
sklearn_builtin,breast_cancer,4,80,30,2,cosine,1,0.0875,0.0875,1.0,1.0,1.0,1.0,0
sklearn_builtin,breast_cancer,4,80,30,2,cosine,3,0.0625,0.0,0.15,0.15,2.7,1.0,0
sklearn_builtin,breast_cancer,4,80,30,2,cosine,5,0.05,0.0,0.05,0.05,4.525,1.0,0
sklearn_builtin,breast_cancer,4,80,30,2,cosine,7,0.05,0.0,0.0125,0.0125,6.3,1.0,0
sklearn_builtin,breast_cancer,4,80,30,2,cosine,9,0.05,0.0,0.025,0.025,8.05,1.0,0
sklearn_builtin,breast_cancer,4,80,30,2,cosine,11,0.05,0.0125,0.025,0.025,9.775,1.0,0
sklearn_builtin,breast_cancer,4,80,30,2,cosine,15,0.05,0.0,0.0125,0.0125,13.175,1.0,0
sklearn_builtin,breast_cancer,5,80,30,2,euclidean,1,0.0875,0.0875,1.0,1.0,1.0,1.0,0
sklearn_builtin,breast_cancer,5,80,30,2,euclidean,3,0.0875,0.0375,0.1375,0.1375,2.725,1.0,0
sklearn_builtin,breast_cancer,5,80,30,2,euclidean,5,0.05,0.0,0.1,0.1,4.35,1.0,0
sklearn_builtin,breast_cancer,5,80,30,2,euclidean,7,0.0375,0.0,0.05,0.05,5.925,1.0,0
sklearn_builtin,breast_cancer,5,80,30,2,euclidean,9,0.0375,0.0,0.0375,0.0375,7.4,1.0,0
sklearn_builtin,breast_cancer,5,80,30,2,euclidean,11,0.0625,0.025,0.025,0.025,9.0,1.0,0
sklearn_builtin,breast_cancer,5,80,30,2,euclidean,15,0.0625,0.0,0.0125,0.0125,11.775,1.0,0
sklearn_builtin,breast_cancer,5,80,30,2,manhattan,1,0.0875,0.0875,1.0,1.0,1.0,1.0,0
sklearn_builtin,breast_cancer,5,80,30,2,manhattan,3,0.05,0.0125,0.125,0.125,2.75,1.0,0
sklearn_builtin,breast_cancer,5,80,30,2,manhattan,5,0.05,0.025,0.05,0.05,4.475,1.0,0
sklearn_builtin,breast_cancer,5,80,30,2,manhattan,7,0.05,0.0,0.05,0.05,6.075,1.0,0
sklearn_builtin,breast_cancer,5,80,30,2,manhattan,9,0.0625,0.0125,0.0375,0.0375,7.675,1.0,0
sklearn_builtin,breast_cancer,5,80,30,2,manhattan,11,0.0625,0.025,0.05,0.05,9.125,1.0,0
sklearn_builtin,breast_cancer,5,80,30,2,manhattan,15,0.075,0.0125,0.0625,0.0625,11.875,1.0,0
sklearn_builtin,breast_cancer,5,80,30,2,cosine,1,0.0625,0.0625,1.0,1.0,1.0,1.0,0
sklearn_builtin,breast_cancer,5,80,30,2,cosine,3,0.075,0.05,0.125,0.125,2.75,1.0,0
sklearn_builtin,breast_cancer,5,80,30,2,cosine,5,0.075,0.05,0.075,0.075,4.5,1.0,0
sklearn_builtin,breast_cancer,5,80,30,2,cosine,7,0.0625,0.0,0.075,0.075,6.15,1.0,0
sklearn_builtin,breast_cancer,5,80,30,2,cosine,9,0.075,0.025,0.05,0.05,7.8,1.0,0
sklearn_builtin,breast_cancer,5,80,30,2,cosine,11,0.075,0.0125,0.0625,0.0625,9.4,1.0,0
sklearn_builtin,breast_cancer,5,80,30,2,cosine,15,0.1125,0.0375,0.0625,0.0625,12.35,1.0,0
sklearn_builtin,breast_cancer,6,80,30,2,euclidean,1,0.05,0.05,1.0,1.0,1.0,1.0,0
sklearn_builtin,breast_cancer,6,80,30,2,euclidean,3,0.0375,0.025,0.0875,0.0875,2.825,1.0,0
sklearn_builtin,breast_cancer,6,80,30,2,euclidean,5,0.05,0.0375,0.075,0.075,4.6,1.0,0
sklearn_builtin,breast_cancer,6,80,30,2,euclidean,7,0.05,0.0125,0.075,0.075,6.15,1.0,0
sklearn_builtin,breast_cancer,6,80,30,2,euclidean,9,0.05,0.0125,0.0625,0.0625,7.65,1.0,0
sklearn_builtin,breast_cancer,6,80,30,2,euclidean,11,0.05,0.0,0.05,0.05,9.1,1.0,0
sklearn_builtin,breast_cancer,6,80,30,2,euclidean,15,0.05,0.0125,0.0375,0.0375,11.8,1.0,0
sklearn_builtin,breast_cancer,6,80,30,2,manhattan,1,0.0625,0.0625,1.0,1.0,1.0,1.0,0
sklearn_builtin,breast_cancer,6,80,30,2,manhattan,3,0.0625,0.025,0.075,0.075,2.85,1.0,0
sklearn_builtin,breast_cancer,6,80,30,2,manhattan,5,0.0375,0.0125,0.075,0.075,4.6,1.0,0
sklearn_builtin,breast_cancer,6,80,30,2,manhattan,7,0.0375,0.0,0.0375,0.0375,6.225,1.0,0
sklearn_builtin,breast_cancer,6,80,30,2,manhattan,9,0.0375,0.0,0.0125,0.0125,7.9,1.0,0
sklearn_builtin,breast_cancer,6,80,30,2,manhattan,11,0.0625,0.025,0.025,0.025,9.475,1.0,0
sklearn_builtin,breast_cancer,6,80,30,2,manhattan,15,0.05,0.0,0.0375,0.0375,12.225,1.0,0
sklearn_builtin,breast_cancer,6,80,30,2,cosine,1,0.025,0.025,1.0,1.0,1.0,1.0,0
sklearn_builtin,breast_cancer,6,80,30,2,cosine,3,0.0375,0.025,0.0375,0.0375,2.925,1.0,0
sklearn_builtin,breast_cancer,6,80,30,2,cosine,5,0.0375,0.0,0.0375,0.0375,4.75,1.0,0
sklearn_builtin,breast_cancer,6,80,30,2,cosine,7,0.0375,0.0125,0.0375,0.0375,6.45,1.0,0
sklearn_builtin,breast_cancer,6,80,30,2,cosine,9,0.0375,0.0125,0.025,0.025,8.175,1.0,0
sklearn_builtin,breast_cancer,6,80,30,2,cosine,11,0.0375,0.0,0.0125,0.0125,9.8,1.0,0
sklearn_builtin,breast_cancer,6,80,30,2,cosine,15,0.0625,0.0,0.0625,0.0625,12.975,1.0,0
sklearn_builtin,breast_cancer,7,80,30,2,euclidean,1,0.05,0.05,1.0,1.0,1.0,1.0,0
sklearn_builtin,breast_cancer,7,80,30,2,euclidean,3,0.05,0.05,0.075,0.075,2.85,1.0,0
sklearn_builtin,breast_cancer,7,80,30,2,euclidean,5,0.0625,0.025,0.0625,0.0625,4.7,1.0,0
sklearn_builtin,breast_cancer,7,80,30,2,euclidean,7,0.0625,0.0,0.0375,0.0375,6.325,1.0,0
sklearn_builtin,breast_cancer,7,80,30,2,euclidean,9,0.0625,0.0,0.0125,0.0125,8.125,1.0,0
sklearn_builtin,breast_cancer,7,80,30,2,euclidean,11,0.0625,0.0,0.0125,0.0125,9.8,1.0,0
sklearn_builtin,breast_cancer,7,80,30,2,euclidean,15,0.05,0.0,0.0125,0.0125,13.15,1.0,0
sklearn_builtin,breast_cancer,7,80,30,2,manhattan,1,0.025,0.025,1.0,1.0,1.0,1.0,0
sklearn_builtin,breast_cancer,7,80,30,2,manhattan,3,0.05,0.05,0.0625,0.0625,2.875,1.0,0
sklearn_builtin,breast_cancer,7,80,30,2,manhattan,5,0.0625,0.0125,0.0625,0.0625,4.675,1.0,0
sklearn_builtin,breast_cancer,7,80,30,2,manhattan,7,0.0625,0.0,0.0375,0.0375,6.525,1.0,0
sklearn_builtin,breast_cancer,7,80,30,2,manhattan,9,0.0625,0.0,0.025,0.025,8.325,1.0,0
sklearn_builtin,breast_cancer,7,80,30,2,manhattan,11,0.0625,0.0125,0.0125,0.0125,10.05,1.0,0
sklearn_builtin,breast_cancer,7,80,30,2,manhattan,15,0.05,0.0,0.0125,0.0125,13.375,1.0,0
sklearn_builtin,breast_cancer,7,80,30,2,cosine,1,0.0375,0.0375,1.0,1.0,1.0,1.0,0
sklearn_builtin,breast_cancer,7,80,30,2,cosine,3,0.075,0.05,0.0875,0.0875,2.825,1.0,0
sklearn_builtin,breast_cancer,7,80,30,2,cosine,5,0.0625,0.0,0.075,0.075,4.625,1.0,0
sklearn_builtin,breast_cancer,7,80,30,2,cosine,7,0.0625,0.0,0.0375,0.0375,6.475,1.0,0
sklearn_builtin,breast_cancer,7,80,30,2,cosine,9,0.0625,0.0,0.025,0.025,8.225,1.0,0
sklearn_builtin,breast_cancer,7,80,30,2,cosine,11,0.05,0.0,0.0125,0.0125,9.925,1.0,0
sklearn_builtin,breast_cancer,7,80,30,2,cosine,15,0.05,0.0,0.0,0.0,13.45,1.0,0
sklearn_builtin,breast_cancer,8,80,30,2,euclidean,1,0.075,0.075,1.0,1.0,1.0,1.0,0
sklearn_builtin,breast_cancer,8,80,30,2,euclidean,3,0.1,0.0625,0.175,0.175,2.65,1.0,0
sklearn_builtin,breast_cancer,8,80,30,2,euclidean,5,0.1125,0.0375,0.1375,0.1375,4.075,1.0,0
sklearn_builtin,breast_cancer,8,80,30,2,euclidean,7,0.1,0.025,0.075,0.075,5.7,1.0,0
sklearn_builtin,breast_cancer,8,80,30,2,euclidean,9,0.1,0.0125,0.05,0.05,7.275,1.0,0
sklearn_builtin,breast_cancer,8,80,30,2,euclidean,11,0.1,0.0125,0.05,0.05,8.675,1.0,0
sklearn_builtin,breast_cancer,8,80,30,2,euclidean,15,0.125,0.025,0.0625,0.0625,11.275,1.0,0
sklearn_builtin,breast_cancer,8,80,30,2,manhattan,1,0.075,0.075,1.0,1.0,1.0,1.0,0
sklearn_builtin,breast_cancer,8,80,30,2,manhattan,3,0.075,0.0625,0.15,0.15,2.7,1.0,0
sklearn_builtin,breast_cancer,8,80,30,2,manhattan,5,0.0875,0.025,0.0875,0.0875,4.325,1.0,0
sklearn_builtin,breast_cancer,8,80,30,2,manhattan,7,0.1,0.0125,0.0625,0.0625,5.775,1.0,0
sklearn_builtin,breast_cancer,8,80,30,2,manhattan,9,0.0875,0.0,0.05,0.05,7.3,1.0,0
sklearn_builtin,breast_cancer,8,80,30,2,manhattan,11,0.1,0.0125,0.0125,0.0125,8.775,1.0,0
sklearn_builtin,breast_cancer,8,80,30,2,manhattan,15,0.125,0.0125,0.0625,0.0625,11.3,1.0,0
sklearn_builtin,breast_cancer,8,80,30,2,cosine,1,0.0875,0.0875,1.0,1.0,1.0,1.0,0
sklearn_builtin,breast_cancer,8,80,30,2,cosine,3,0.1,0.075,0.1125,0.1125,2.775,1.0,0
sklearn_builtin,breast_cancer,8,80,30,2,cosine,5,0.1,0.0125,0.1,0.1,4.325,1.0,0
sklearn_builtin,breast_cancer,8,80,30,2,cosine,7,0.1,0.0125,0.075,0.075,5.95,1.0,0
sklearn_builtin,breast_cancer,8,80,30,2,cosine,9,0.1,0.025,0.0375,0.0375,7.65,1.0,0
sklearn_builtin,breast_cancer,8,80,30,2,cosine,11,0.1125,0.0375,0.0375,0.0375,9.125,1.0,0
sklearn_builtin,breast_cancer,8,80,30,2,cosine,15,0.1,0.0,0.025,0.025,12.1,1.0,0
sklearn_builtin,breast_cancer,9,80,30,2,euclidean,1,0.0875,0.0875,1.0,1.0,1.0,1.0,0
sklearn_builtin,breast_cancer,9,80,30,2,euclidean,3,0.05,0.0375,0.1125,0.1125,2.775,1.0,0
sklearn_builtin,breast_cancer,9,80,30,2,euclidean,5,0.0375,0.0,0.0375,0.0375,4.625,1.0,0
sklearn_builtin,breast_cancer,9,80,30,2,euclidean,7,0.025,0.0,0.025,0.025,6.375,1.0,0
sklearn_builtin,breast_cancer,9,80,30,2,euclidean,9,0.025,0.0,0.0125,0.0125,7.95,1.0,0
sklearn_builtin,breast_cancer,9,80,30,2,euclidean,11,0.05,0.025,0.05,0.05,9.475,1.0,0
sklearn_builtin,breast_cancer,9,80,30,2,euclidean,15,0.0625,0.0125,0.025,0.025,12.475,1.0,0
sklearn_builtin,breast_cancer,9,80,30,2,manhattan,1,0.075,0.075,1.0,1.0,1.0,1.0,0
sklearn_builtin,breast_cancer,9,80,30,2,manhattan,3,0.05,0.025,0.1,0.1,2.8,1.0,0
sklearn_builtin,breast_cancer,9,80,30,2,manhattan,5,0.05,0.0125,0.05,0.05,4.575,1.0,0
sklearn_builtin,breast_cancer,9,80,30,2,manhattan,7,0.0375,0.0125,0.0375,0.0375,6.275,1.0,0
sklearn_builtin,breast_cancer,9,80,30,2,manhattan,9,0.05,0.025,0.0375,0.0375,8.075,1.0,0
sklearn_builtin,breast_cancer,9,80,30,2,manhattan,11,0.05,0.0125,0.0375,0.0375,9.7,1.0,0
sklearn_builtin,breast_cancer,9,80,30,2,manhattan,15,0.0625,0.0125,0.0125,0.0125,12.75,1.0,0
sklearn_builtin,breast_cancer,9,80,30,2,cosine,1,0.05,0.05,1.0,1.0,1.0,1.0,0
sklearn_builtin,breast_cancer,9,80,30,2,cosine,3,0.025,0.0,0.0625,0.0625,2.875,1.0,0
sklearn_builtin,breast_cancer,9,80,30,2,cosine,5,0.0125,0.0,0.0125,0.0125,4.75,1.0,0
sklearn_builtin,breast_cancer,9,80,30,2,cosine,7,0.0125,0.0,0.025,0.025,6.55,1.0,0
sklearn_builtin,breast_cancer,9,80,30,2,cosine,9,0.0125,0.0,0.025,0.025,8.375,1.0,0
sklearn_builtin,breast_cancer,9,80,30,2,cosine,11,0.0375,0.025,0.025,0.025,10.1,1.0,0
sklearn_builtin,breast_cancer,9,80,30,2,cosine,15,0.05,0.0125,0.025,0.025,13.45,1.0,0
sklearn_builtin,breast_cancer,10,80,30,2,euclidean,1,0.175,0.175,1.0,1.0,1.0,1.0,0
sklearn_builtin,breast_cancer,10,80,30,2,euclidean,3,0.125,0.0625,0.2625,0.2625,2.475,1.0,0
sklearn_builtin,breast_cancer,10,80,30,2,euclidean,5,0.1,0.0,0.15,0.15,4.0,1.0,0
sklearn_builtin,breast_cancer,10,80,30,2,euclidean,7,0.125,0.0375,0.1375,0.1375,5.225,1.0,0
sklearn_builtin,breast_cancer,10,80,30,2,euclidean,9,0.1375,0.0375,0.15,0.15,6.4,1.0,0
sklearn_builtin,breast_cancer,10,80,30,2,euclidean,11,0.1625,0.025,0.1125,0.1125,7.625,1.0,0
sklearn_builtin,breast_cancer,10,80,30,2,euclidean,15,0.15,0.0,0.075,0.075,10.4,1.0,0
sklearn_builtin,breast_cancer,10,80,30,2,manhattan,1,0.1625,0.1625,1.0,1.0,1.0,1.0,0
sklearn_builtin,breast_cancer,10,80,30,2,manhattan,3,0.0875,0.0125,0.2125,0.2125,2.575,1.0,0
sklearn_builtin,breast_cancer,10,80,30,2,manhattan,5,0.1,0.025,0.1125,0.1125,4.175,1.0,0
sklearn_builtin,breast_cancer,10,80,30,2,manhattan,7,0.15,0.075,0.1375,0.1375,5.425,1.0,0
sklearn_builtin,breast_cancer,10,80,30,2,manhattan,9,0.15,0.0375,0.1125,0.1125,6.8,1.0,0
sklearn_builtin,breast_cancer,10,80,30,2,manhattan,11,0.125,0.025,0.1,0.1,8.15,1.0,0
sklearn_builtin,breast_cancer,10,80,30,2,manhattan,15,0.15,0.05,0.1125,0.1125,10.325,1.0,0
sklearn_builtin,breast_cancer,10,80,30,2,cosine,1,0.1875,0.1875,1.0,1.0,1.0,1.0,0
sklearn_builtin,breast_cancer,10,80,30,2,cosine,3,0.1625,0.0625,0.2625,0.2625,2.475,1.0,0
sklearn_builtin,breast_cancer,10,80,30,2,cosine,5,0.1625,0.025,0.125,0.125,4.075,1.0,0
sklearn_builtin,breast_cancer,10,80,30,2,cosine,7,0.1625,0.0,0.1,0.1,5.575,1.0,0
sklearn_builtin,breast_cancer,10,80,30,2,cosine,9,0.15,0.0125,0.1125,0.1125,7.0,1.0,0
sklearn_builtin,breast_cancer,10,80,30,2,cosine,11,0.1625,0.025,0.075,0.075,8.525,1.0,0
sklearn_builtin,breast_cancer,10,80,30,2,cosine,15,0.1375,0.0125,0.05,0.05,11.425,1.0,0
sklearn_builtin,breast_cancer,11,80,30,2,euclidean,1,0.025,0.025,1.0,1.0,1.0,1.0,0
sklearn_builtin,breast_cancer,11,80,30,2,euclidean,3,0.0375,0.0125,0.1,0.1,2.8,1.0,0
sklearn_builtin,breast_cancer,11,80,30,2,euclidean,5,0.05,0.0125,0.0375,0.0375,4.6,1.0,0
sklearn_builtin,breast_cancer,11,80,30,2,euclidean,7,0.0375,0.0,0.0375,0.0375,6.3,1.0,0
sklearn_builtin,breast_cancer,11,80,30,2,euclidean,9,0.0375,0.0125,0.025,0.025,8.025,1.0,0
sklearn_builtin,breast_cancer,11,80,30,2,euclidean,11,0.0375,0.0,0.025,0.025,9.55,1.0,0
sklearn_builtin,breast_cancer,11,80,30,2,euclidean,15,0.05,0.0,0.025,0.025,12.45,1.0,0
sklearn_builtin,breast_cancer,11,80,30,2,manhattan,1,0.0125,0.0125,1.0,1.0,1.0,1.0,0
sklearn_builtin,breast_cancer,11,80,30,2,manhattan,3,0.025,0.0125,0.075,0.075,2.85,1.0,0
sklearn_builtin,breast_cancer,11,80,30,2,manhattan,5,0.05,0.025,0.05,0.05,4.55,1.0,0
sklearn_builtin,breast_cancer,11,80,30,2,manhattan,7,0.0375,0.0,0.0375,0.0375,6.25,1.0,0
sklearn_builtin,breast_cancer,11,80,30,2,manhattan,9,0.05,0.0125,0.025,0.025,8.1,1.0,0
sklearn_builtin,breast_cancer,11,80,30,2,manhattan,11,0.05,0.0125,0.0125,0.0125,9.775,1.0,0
sklearn_builtin,breast_cancer,11,80,30,2,manhattan,15,0.05,0.0,0.0,0.0,12.75,1.0,0
sklearn_builtin,breast_cancer,11,80,30,2,cosine,1,0.0375,0.0375,1.0,1.0,1.0,1.0,0
sklearn_builtin,breast_cancer,11,80,30,2,cosine,3,0.0375,0.0,0.0625,0.0625,2.875,1.0,0
sklearn_builtin,breast_cancer,11,80,30,2,cosine,5,0.0375,0.0,0.05,0.05,4.65,1.0,0
sklearn_builtin,breast_cancer,11,80,30,2,cosine,7,0.0375,0.0,0.0125,0.0125,6.45,1.0,0
sklearn_builtin,breast_cancer,11,80,30,2,cosine,9,0.025,0.0,0.025,0.025,8.225,1.0,0
sklearn_builtin,breast_cancer,11,80,30,2,cosine,11,0.025,0.0,0.0125,0.0125,10.025,1.0,0
sklearn_builtin,breast_cancer,11,80,30,2,cosine,15,0.025,0.0,0.0125,0.0125,13.275,1.0,0
sklearn_builtin,digits,0,80,64,2,euclidean,1,0.0,0.0,1.0,1.0,1.0,1.0,0
sklearn_builtin,digits,0,80,64,2,euclidean,3,0.0,0.0,0.0,0.0,3.0,1.0,0
sklearn_builtin,digits,0,80,64,2,euclidean,5,0.0,0.0,0.0,0.0,5.0,1.0,0
sklearn_builtin,digits,0,80,64,2,euclidean,7,0.0,0.0,0.0,0.0,7.0,1.0,0
sklearn_builtin,digits,0,80,64,2,euclidean,9,0.0,0.0,0.0,0.0,8.925,1.0,0
sklearn_builtin,digits,0,80,64,2,euclidean,11,0.0,0.0,0.0,0.0,10.825,1.0,0
sklearn_builtin,digits,0,80,64,2,euclidean,15,0.0125,0.0125,0.0125,0.0125,14.375,1.0,0
sklearn_builtin,digits,0,80,64,2,manhattan,1,0.0,0.0,1.0,1.0,1.0,1.0,0
sklearn_builtin,digits,0,80,64,2,manhattan,3,0.0,0.0,0.0,0.0,3.0,1.0,0
sklearn_builtin,digits,0,80,64,2,manhattan,5,0.0,0.0,0.0,0.0,5.0,1.0,0
sklearn_builtin,digits,0,80,64,2,manhattan,7,0.0,0.0,0.0,0.0,7.0,1.0,0
sklearn_builtin,digits,0,80,64,2,manhattan,9,0.0,0.0,0.0,0.0,8.975,1.0,0
sklearn_builtin,digits,0,80,64,2,manhattan,11,0.0,0.0,0.0,0.0,10.925,1.0,0
sklearn_builtin,digits,0,80,64,2,manhattan,15,0.0,0.0,0.0125,0.0125,14.575,1.0,0
sklearn_builtin,digits,0,80,64,2,cosine,1,0.0,0.0,1.0,1.0,1.0,1.0,0
sklearn_builtin,digits,0,80,64,2,cosine,3,0.0,0.0,0.0,0.0,3.0,1.0,0
sklearn_builtin,digits,0,80,64,2,cosine,5,0.0,0.0,0.0,0.0,5.0,1.0,0
sklearn_builtin,digits,0,80,64,2,cosine,7,0.0,0.0,0.0,0.0,7.0,1.0,0
sklearn_builtin,digits,0,80,64,2,cosine,9,0.0,0.0,0.0,0.0,8.95,1.0,0
sklearn_builtin,digits,0,80,64,2,cosine,11,0.0,0.0,0.0,0.0,10.9,1.0,0
sklearn_builtin,digits,0,80,64,2,cosine,15,0.0,0.0,0.0,0.0,14.55,1.0,0
sklearn_builtin,digits,1,80,64,2,euclidean,1,0.0,0.0,1.0,1.0,1.0,1.0,0
sklearn_builtin,digits,1,80,64,2,euclidean,3,0.0,0.0,0.0,0.0,3.0,1.0,0
sklearn_builtin,digits,1,80,64,2,euclidean,5,0.0,0.0,0.0,0.0,4.975,1.0,0
sklearn_builtin,digits,1,80,64,2,euclidean,7,0.0,0.0,0.0,0.0,6.975,1.0,0
sklearn_builtin,digits,1,80,64,2,euclidean,9,0.0,0.0,0.0,0.0,8.975,1.0,0
sklearn_builtin,digits,1,80,64,2,euclidean,11,0.0,0.0,0.0,0.0,10.95,1.0,0
sklearn_builtin,digits,1,80,64,2,euclidean,15,0.0,0.0,0.0,0.0,14.775,1.0,0
sklearn_builtin,digits,1,80,64,2,manhattan,1,0.0,0.0,1.0,1.0,1.0,1.0,0
sklearn_builtin,digits,1,80,64,2,manhattan,3,0.0,0.0,0.0,0.0,3.0,1.0,0
sklearn_builtin,digits,1,80,64,2,manhattan,5,0.0,0.0,0.0,0.0,5.0,1.0,0
sklearn_builtin,digits,1,80,64,2,manhattan,7,0.0,0.0,0.0,0.0,7.0,1.0,0
sklearn_builtin,digits,1,80,64,2,manhattan,9,0.0,0.0,0.0,0.0,9.0,1.0,0
sklearn_builtin,digits,1,80,64,2,manhattan,11,0.0,0.0,0.0,0.0,10.975,1.0,0
sklearn_builtin,digits,1,80,64,2,manhattan,15,0.0,0.0,0.0,0.0,14.85,1.0,0
sklearn_builtin,digits,1,80,64,2,cosine,1,0.0,0.0,1.0,1.0,1.0,1.0,0
sklearn_builtin,digits,1,80,64,2,cosine,3,0.0,0.0,0.0125,0.0125,2.975,1.0,0
sklearn_builtin,digits,1,80,64,2,cosine,5,0.0,0.0,0.0,0.0,4.975,1.0,0
sklearn_builtin,digits,1,80,64,2,cosine,7,0.0,0.0,0.0,0.0,6.95,1.0,0
sklearn_builtin,digits,1,80,64,2,cosine,9,0.0,0.0,0.0,0.0,8.95,1.0,0
sklearn_builtin,digits,1,80,64,2,cosine,11,0.0,0.0,0.0,0.0,10.95,1.0,0
sklearn_builtin,digits,1,80,64,2,cosine,15,0.0,0.0,0.0,0.0,14.875,1.0,0
sklearn_builtin,digits,2,80,64,2,euclidean,1,0.0,0.0,1.0,1.0,1.0,1.0,0
sklearn_builtin,digits,2,80,64,2,euclidean,3,0.0,0.0,0.0,0.0,3.0,1.0,0
sklearn_builtin,digits,2,80,64,2,euclidean,5,0.0,0.0,0.0,0.0,5.0,1.0,0
sklearn_builtin,digits,2,80,64,2,euclidean,7,0.0,0.0,0.0,0.0,7.0,1.0,0
sklearn_builtin,digits,2,80,64,2,euclidean,9,0.0,0.0,0.0,0.0,8.975,1.0,0
sklearn_builtin,digits,2,80,64,2,euclidean,11,0.0,0.0,0.0,0.0,10.95,1.0,0
sklearn_builtin,digits,2,80,64,2,euclidean,15,0.0,0.0,0.0,0.0,14.725,1.0,0
sklearn_builtin,digits,2,80,64,2,manhattan,1,0.0,0.0,1.0,1.0,1.0,1.0,0
sklearn_builtin,digits,2,80,64,2,manhattan,3,0.0,0.0,0.0,0.0,3.0,1.0,0
sklearn_builtin,digits,2,80,64,2,manhattan,5,0.0,0.0,0.0,0.0,5.0,1.0,0
sklearn_builtin,digits,2,80,64,2,manhattan,7,0.0,0.0,0.0,0.0,7.0,1.0,0
sklearn_builtin,digits,2,80,64,2,manhattan,9,0.0,0.0,0.0,0.0,8.975,1.0,0
sklearn_builtin,digits,2,80,64,2,manhattan,11,0.0,0.0,0.0,0.0,10.95,1.0,0
sklearn_builtin,digits,2,80,64,2,manhattan,15,0.0,0.0,0.0,0.0,14.825,1.0,0
sklearn_builtin,digits,2,80,64,2,cosine,1,0.0,0.0,1.0,1.0,1.0,1.0,0
sklearn_builtin,digits,2,80,64,2,cosine,3,0.0,0.0,0.0,0.0,3.0,1.0,0
sklearn_builtin,digits,2,80,64,2,cosine,5,0.0,0.0,0.0,0.0,5.0,1.0,0
sklearn_builtin,digits,2,80,64,2,cosine,7,0.0,0.0,0.0,0.0,7.0,1.0,0
sklearn_builtin,digits,2,80,64,2,cosine,9,0.0,0.0,0.0,0.0,9.0,1.0,0
sklearn_builtin,digits,2,80,64,2,cosine,11,0.0,0.0,0.0,0.0,11.0,1.0,0
sklearn_builtin,digits,2,80,64,2,cosine,15,0.0,0.0,0.0,0.0,14.875,1.0,0
sklearn_builtin,digits,3,80,64,2,euclidean,1,0.0,0.0,1.0,1.0,1.0,1.0,0
sklearn_builtin,digits,3,80,64,2,euclidean,3,0.0,0.0,0.0,0.0,3.0,1.0,0
sklearn_builtin,digits,3,80,64,2,euclidean,5,0.0,0.0,0.0,0.0,5.0,1.0,0
sklearn_builtin,digits,3,80,64,2,euclidean,7,0.0,0.0,0.0,0.0,6.975,1.0,0
sklearn_builtin,digits,3,80,64,2,euclidean,9,0.0,0.0,0.0,0.0,8.925,1.0,0
sklearn_builtin,digits,3,80,64,2,euclidean,11,0.0,0.0,0.0,0.0,10.925,1.0,0
sklearn_builtin,digits,3,80,64,2,euclidean,15,0.0,0.0,0.0,0.0,14.625,1.0,0
sklearn_builtin,digits,3,80,64,2,manhattan,1,0.0,0.0,1.0,1.0,1.0,1.0,0
sklearn_builtin,digits,3,80,64,2,manhattan,3,0.0,0.0,0.0,0.0,3.0,1.0,0
sklearn_builtin,digits,3,80,64,2,manhattan,5,0.0,0.0,0.0,0.0,4.975,1.0,0
sklearn_builtin,digits,3,80,64,2,manhattan,7,0.0,0.0,0.0,0.0,6.975,1.0,0
sklearn_builtin,digits,3,80,64,2,manhattan,9,0.0,0.0,0.0,0.0,8.95,1.0,0
sklearn_builtin,digits,3,80,64,2,manhattan,11,0.0,0.0,0.0,0.0,10.875,1.0,0
sklearn_builtin,digits,3,80,64,2,manhattan,15,0.0,0.0,0.0,0.0,14.7,1.0,0
sklearn_builtin,digits,3,80,64,2,cosine,1,0.0,0.0,1.0,1.0,1.0,1.0,0
sklearn_builtin,digits,3,80,64,2,cosine,3,0.0,0.0,0.0,0.0,3.0,1.0,0
sklearn_builtin,digits,3,80,64,2,cosine,5,0.0,0.0,0.0,0.0,4.975,1.0,0
sklearn_builtin,digits,3,80,64,2,cosine,7,0.0125,0.0125,0.0125,0.0125,6.925,1.0,0
sklearn_builtin,digits,3,80,64,2,cosine,9,0.0125,0.0,0.0125,0.0125,8.875,1.0,0
sklearn_builtin,digits,3,80,64,2,cosine,11,0.0125,0.0,0.0125,0.0125,10.85,1.0,0
sklearn_builtin,digits,3,80,64,2,cosine,15,0.0125,0.0125,0.0125,0.0125,14.7,1.0,0
sklearn_builtin,digits,4,80,64,2,euclidean,1,0.0,0.0,1.0,1.0,1.0,1.0,0
sklearn_builtin,digits,4,80,64,2,euclidean,3,0.0,0.0,0.0,0.0,3.0,1.0,0
sklearn_builtin,digits,4,80,64,2,euclidean,5,0.0,0.0,0.0,0.0,5.0,1.0,0
sklearn_builtin,digits,4,80,64,2,euclidean,7,0.0,0.0,0.0,0.0,7.0,1.0,0
sklearn_builtin,digits,4,80,64,2,euclidean,9,0.0,0.0,0.0,0.0,9.0,1.0,0
sklearn_builtin,digits,4,80,64,2,euclidean,11,0.0,0.0,0.0,0.0,10.925,1.0,0
sklearn_builtin,digits,4,80,64,2,euclidean,15,0.0,0.0,0.0,0.0,14.525,1.0,0
sklearn_builtin,digits,4,80,64,2,manhattan,1,0.0,0.0,1.0,1.0,1.0,1.0,0
sklearn_builtin,digits,4,80,64,2,manhattan,3,0.0,0.0,0.0,0.0,3.0,1.0,0
sklearn_builtin,digits,4,80,64,2,manhattan,5,0.0,0.0,0.0,0.0,5.0,1.0,0
sklearn_builtin,digits,4,80,64,2,manhattan,7,0.0,0.0,0.0,0.0,7.0,1.0,0
sklearn_builtin,digits,4,80,64,2,manhattan,9,0.0,0.0,0.0,0.0,9.0,1.0,0
sklearn_builtin,digits,4,80,64,2,manhattan,11,0.0,0.0,0.0,0.0,10.95,1.0,0
sklearn_builtin,digits,4,80,64,2,manhattan,15,0.0,0.0,0.0,0.0,14.625,1.0,0
sklearn_builtin,digits,4,80,64,2,cosine,1,0.0,0.0,1.0,1.0,1.0,1.0,0
sklearn_builtin,digits,4,80,64,2,cosine,3,0.0,0.0,0.0,0.0,3.0,1.0,0
sklearn_builtin,digits,4,80,64,2,cosine,5,0.0,0.0,0.0,0.0,5.0,1.0,0
sklearn_builtin,digits,4,80,64,2,cosine,7,0.0,0.0,0.0,0.0,7.0,1.0,0
sklearn_builtin,digits,4,80,64,2,cosine,9,0.0,0.0,0.0,0.0,9.0,1.0,0
sklearn_builtin,digits,4,80,64,2,cosine,11,0.0,0.0,0.0,0.0,11.0,1.0,0
sklearn_builtin,digits,4,80,64,2,cosine,15,0.0,0.0,0.0,0.0,14.85,1.0,0
sklearn_builtin,digits,5,80,64,2,euclidean,1,0.0,0.0,1.0,1.0,1.0,1.0,0
sklearn_builtin,digits,5,80,64,2,euclidean,3,0.0,0.0,0.0,0.0,3.0,1.0,0
sklearn_builtin,digits,5,80,64,2,euclidean,5,0.0,0.0,0.0,0.0,5.0,1.0,0
sklearn_builtin,digits,5,80,64,2,euclidean,7,0.0,0.0,0.0,0.0,7.0,1.0,0
sklearn_builtin,digits,5,80,64,2,euclidean,9,0.0,0.0,0.0,0.0,9.0,1.0,0
sklearn_builtin,digits,5,80,64,2,euclidean,11,0.0,0.0,0.0,0.0,10.975,1.0,0
sklearn_builtin,digits,5,80,64,2,euclidean,15,0.0,0.0,0.0,0.0,14.85,1.0,0
sklearn_builtin,digits,5,80,64,2,manhattan,1,0.0,0.0,1.0,1.0,1.0,1.0,0
sklearn_builtin,digits,5,80,64,2,manhattan,3,0.0,0.0,0.0,0.0,3.0,1.0,0
sklearn_builtin,digits,5,80,64,2,manhattan,5,0.0,0.0,0.0,0.0,5.0,1.0,0
sklearn_builtin,digits,5,80,64,2,manhattan,7,0.0,0.0,0.0,0.0,7.0,1.0,0
sklearn_builtin,digits,5,80,64,2,manhattan,9,0.0,0.0,0.0,0.0,9.0,1.0,0
sklearn_builtin,digits,5,80,64,2,manhattan,11,0.0,0.0,0.0,0.0,11.0,1.0,0
sklearn_builtin,digits,5,80,64,2,manhattan,15,0.0,0.0,0.0,0.0,14.925,1.0,0
sklearn_builtin,digits,5,80,64,2,cosine,1,0.0,0.0,1.0,1.0,1.0,1.0,0
sklearn_builtin,digits,5,80,64,2,cosine,3,0.0,0.0,0.0,0.0,3.0,1.0,0
sklearn_builtin,digits,5,80,64,2,cosine,5,0.0,0.0,0.0,0.0,5.0,1.0,0
sklearn_builtin,digits,5,80,64,2,cosine,7,0.0,0.0,0.0,0.0,6.975,1.0,0
sklearn_builtin,digits,5,80,64,2,cosine,9,0.0,0.0,0.0,0.0,8.975,1.0,0
sklearn_builtin,digits,5,80,64,2,cosine,11,0.0,0.0,0.0,0.0,10.975,1.0,0
sklearn_builtin,digits,5,80,64,2,cosine,15,0.0,0.0,0.0,0.0,14.9,1.0,0
sklearn_builtin,digits,6,80,64,2,euclidean,1,0.025,0.025,1.0,1.0,1.0,1.0,0
sklearn_builtin,digits,6,80,64,2,euclidean,3,0.0,0.0,0.025,0.025,2.95,1.0,0
sklearn_builtin,digits,6,80,64,2,euclidean,5,0.0,0.0,0.0,0.0,4.95,1.0,0
sklearn_builtin,digits,6,80,64,2,euclidean,7,0.0,0.0,0.0,0.0,6.95,1.0,0
sklearn_builtin,digits,6,80,64,2,euclidean,9,0.0,0.0,0.0,0.0,8.925,1.0,0
sklearn_builtin,digits,6,80,64,2,euclidean,11,0.0,0.0,0.0,0.0,10.925,1.0,0
sklearn_builtin,digits,6,80,64,2,euclidean,15,0.0,0.0,0.0,0.0,14.7,1.0,0
sklearn_builtin,digits,6,80,64,2,manhattan,1,0.0,0.0,1.0,1.0,1.0,1.0,0
sklearn_builtin,digits,6,80,64,2,manhattan,3,0.0,0.0,0.0,0.0,3.0,1.0,0
sklearn_builtin,digits,6,80,64,2,manhattan,5,0.0,0.0,0.0,0.0,5.0,1.0,0
sklearn_builtin,digits,6,80,64,2,manhattan,7,0.0,0.0,0.0,0.0,7.0,1.0,0
sklearn_builtin,digits,6,80,64,2,manhattan,9,0.0,0.0,0.0,0.0,9.0,1.0,0
sklearn_builtin,digits,6,80,64,2,manhattan,11,0.0,0.0,0.0,0.0,11.0,1.0,0
sklearn_builtin,digits,6,80,64,2,manhattan,15,0.0,0.0,0.0,0.0,14.95,1.0,0
sklearn_builtin,digits,6,80,64,2,cosine,1,0.025,0.025,1.0,1.0,1.0,1.0,0
sklearn_builtin,digits,6,80,64,2,cosine,3,0.0,0.0,0.025,0.025,2.95,1.0,0
sklearn_builtin,digits,6,80,64,2,cosine,5,0.0,0.0,0.0,0.0,4.95,1.0,0
sklearn_builtin,digits,6,80,64,2,cosine,7,0.0,0.0,0.0,0.0,6.95,1.0,0
sklearn_builtin,digits,6,80,64,2,cosine,9,0.0,0.0,0.0,0.0,8.95,1.0,0
sklearn_builtin,digits,6,80,64,2,cosine,11,0.0,0.0,0.0,0.0,10.95,1.0,0
sklearn_builtin,digits,6,80,64,2,cosine,15,0.0,0.0,0.0,0.0,14.95,1.0,0
sklearn_builtin,digits,7,80,64,2,euclidean,1,0.0,0.0,1.0,1.0,1.0,1.0,0
sklearn_builtin,digits,7,80,64,2,euclidean,3,0.0,0.0,0.0,0.0,3.0,1.0,0
sklearn_builtin,digits,7,80,64,2,euclidean,5,0.0,0.0,0.0,0.0,5.0,1.0,0
sklearn_builtin,digits,7,80,64,2,euclidean,7,0.0,0.0,0.0,0.0,6.975,1.0,0
sklearn_builtin,digits,7,80,64,2,euclidean,9,0.0,0.0,0.0,0.0,8.925,1.0,0
sklearn_builtin,digits,7,80,64,2,euclidean,11,0.0,0.0,0.0,0.0,10.725,1.0,0
sklearn_builtin,digits,7,80,64,2,euclidean,15,0.0,0.0,0.0,0.0,14.225,1.0,0
sklearn_builtin,digits,7,80,64,2,manhattan,1,0.0,0.0,1.0,1.0,1.0,1.0,0
sklearn_builtin,digits,7,80,64,2,manhattan,3,0.0,0.0,0.0,0.0,3.0,1.0,0
sklearn_builtin,digits,7,80,64,2,manhattan,5,0.0,0.0,0.0,0.0,5.0,1.0,0
sklearn_builtin,digits,7,80,64,2,manhattan,7,0.0,0.0,0.0,0.0,6.975,1.0,0
sklearn_builtin,digits,7,80,64,2,manhattan,9,0.0,0.0,0.0,0.0,8.925,1.0,0
sklearn_builtin,digits,7,80,64,2,manhattan,11,0.0,0.0,0.0,0.0,10.825,1.0,0
sklearn_builtin,digits,7,80,64,2,manhattan,15,0.0,0.0,0.0,0.0,14.5,1.0,0
sklearn_builtin,digits,7,80,64,2,cosine,1,0.0,0.0,1.0,1.0,1.0,1.0,0
sklearn_builtin,digits,7,80,64,2,cosine,3,0.0,0.0,0.0,0.0,3.0,1.0,0
sklearn_builtin,digits,7,80,64,2,cosine,5,0.0,0.0,0.0,0.0,5.0,1.0,0
sklearn_builtin,digits,7,80,64,2,cosine,7,0.0,0.0,0.0,0.0,7.0,1.0,0
sklearn_builtin,digits,7,80,64,2,cosine,9,0.0,0.0,0.0,0.0,8.975,1.0,0
sklearn_builtin,digits,7,80,64,2,cosine,11,0.0,0.0,0.0,0.0,10.9,1.0,0
sklearn_builtin,digits,7,80,64,2,cosine,15,0.0,0.0,0.0,0.0,14.7,1.0,0
sklearn_builtin,digits,8,80,64,2,euclidean,1,0.0,0.0,1.0,1.0,1.0,1.0,0
sklearn_builtin,digits,8,80,64,2,euclidean,3,0.0,0.0,0.0,0.0,3.0,1.0,0
sklearn_builtin,digits,8,80,64,2,euclidean,5,0.0,0.0,0.0,0.0,5.0,1.0,0
sklearn_builtin,digits,8,80,64,2,euclidean,7,0.0,0.0,0.0,0.0,7.0,1.0,0
sklearn_builtin,digits,8,80,64,2,euclidean,9,0.0,0.0,0.0,0.0,8.975,1.0,0
sklearn_builtin,digits,8,80,64,2,euclidean,11,0.0,0.0,0.0,0.0,10.95,1.0,0
sklearn_builtin,digits,8,80,64,2,euclidean,15,0.0,0.0,0.0,0.0,14.8,1.0,0
sklearn_builtin,digits,8,80,64,2,manhattan,1,0.0,0.0,1.0,1.0,1.0,1.0,0
sklearn_builtin,digits,8,80,64,2,manhattan,3,0.0,0.0,0.0,0.0,3.0,1.0,0
sklearn_builtin,digits,8,80,64,2,manhattan,5,0.0,0.0,0.0,0.0,5.0,1.0,0
sklearn_builtin,digits,8,80,64,2,manhattan,7,0.0,0.0,0.0,0.0,7.0,1.0,0
sklearn_builtin,digits,8,80,64,2,manhattan,9,0.0,0.0,0.0,0.0,9.0,1.0,0
sklearn_builtin,digits,8,80,64,2,manhattan,11,0.0,0.0,0.0,0.0,11.0,1.0,0
sklearn_builtin,digits,8,80,64,2,manhattan,15,0.0,0.0,0.0,0.0,14.95,1.0,0
sklearn_builtin,digits,8,80,64,2,cosine,1,0.0,0.0,1.0,1.0,1.0,1.0,0
sklearn_builtin,digits,8,80,64,2,cosine,3,0.0,0.0,0.0,0.0,3.0,1.0,0
sklearn_builtin,digits,8,80,64,2,cosine,5,0.0,0.0,0.0,0.0,5.0,1.0,0
sklearn_builtin,digits,8,80,64,2,cosine,7,0.0,0.0,0.0,0.0,7.0,1.0,0
sklearn_builtin,digits,8,80,64,2,cosine,9,0.0,0.0,0.0,0.0,9.0,1.0,0
sklearn_builtin,digits,8,80,64,2,cosine,11,0.0,0.0,0.0,0.0,11.0,1.0,0
sklearn_builtin,digits,8,80,64,2,cosine,15,0.0,0.0,0.0,0.0,14.9,1.0,0
sklearn_builtin,digits,9,80,64,2,euclidean,1,0.0,0.0,1.0,1.0,1.0,1.0,0
sklearn_builtin,digits,9,80,64,2,euclidean,3,0.0,0.0,0.0,0.0,3.0,1.0,0
sklearn_builtin,digits,9,80,64,2,euclidean,5,0.0,0.0,0.0,0.0,5.0,1.0,0
sklearn_builtin,digits,9,80,64,2,euclidean,7,0.0,0.0,0.0,0.0,7.0,1.0,0
sklearn_builtin,digits,9,80,64,2,euclidean,9,0.0,0.0,0.0,0.0,9.0,1.0,0
sklearn_builtin,digits,9,80,64,2,euclidean,11,0.0,0.0,0.0,0.0,10.975,1.0,0
sklearn_builtin,digits,9,80,64,2,euclidean,15,0.0,0.0,0.0,0.0,14.9,1.0,0
sklearn_builtin,digits,9,80,64,2,manhattan,1,0.0,0.0,1.0,1.0,1.0,1.0,0
sklearn_builtin,digits,9,80,64,2,manhattan,3,0.0,0.0,0.0,0.0,3.0,1.0,0
sklearn_builtin,digits,9,80,64,2,manhattan,5,0.0,0.0,0.0,0.0,5.0,1.0,0
sklearn_builtin,digits,9,80,64,2,manhattan,7,0.0,0.0,0.0,0.0,7.0,1.0,0
sklearn_builtin,digits,9,80,64,2,manhattan,9,0.0,0.0,0.0,0.0,9.0,1.0,0
sklearn_builtin,digits,9,80,64,2,manhattan,11,0.0,0.0,0.0,0.0,11.0,1.0,0
sklearn_builtin,digits,9,80,64,2,manhattan,15,0.0,0.0,0.0,0.0,14.95,1.0,0
sklearn_builtin,digits,9,80,64,2,cosine,1,0.0,0.0,1.0,1.0,1.0,1.0,0
sklearn_builtin,digits,9,80,64,2,cosine,3,0.0,0.0,0.0,0.0,3.0,1.0,0
sklearn_builtin,digits,9,80,64,2,cosine,5,0.0,0.0,0.0,0.0,5.0,1.0,0
sklearn_builtin,digits,9,80,64,2,cosine,7,0.0,0.0,0.0,0.0,7.0,1.0,0
sklearn_builtin,digits,9,80,64,2,cosine,9,0.0,0.0,0.0,0.0,9.0,1.0,0
sklearn_builtin,digits,9,80,64,2,cosine,11,0.0,0.0,0.0,0.0,11.0,1.0,0
sklearn_builtin,digits,9,80,64,2,cosine,15,0.0,0.0,0.0,0.0,14.975,1.0,0
sklearn_builtin,digits,10,80,64,2,euclidean,1,0.0,0.0,1.0,1.0,1.0,1.0,0
sklearn_builtin,digits,10,80,64,2,euclidean,3,0.0,0.0,0.0,0.0,3.0,1.0,0
sklearn_builtin,digits,10,80,64,2,euclidean,5,0.0,0.0,0.0,0.0,5.0,1.0,0
sklearn_builtin,digits,10,80,64,2,euclidean,7,0.0,0.0,0.0,0.0,7.0,1.0,0
sklearn_builtin,digits,10,80,64,2,euclidean,9,0.0,0.0,0.0,0.0,8.975,1.0,0
sklearn_builtin,digits,10,80,64,2,euclidean,11,0.0,0.0,0.0,0.0,10.925,1.0,0
sklearn_builtin,digits,10,80,64,2,euclidean,15,0.0,0.0,0.0,0.0,14.7,1.0,0
sklearn_builtin,digits,10,80,64,2,manhattan,1,0.0,0.0,1.0,1.0,1.0,1.0,0
sklearn_builtin,digits,10,80,64,2,manhattan,3,0.0,0.0,0.0,0.0,3.0,1.0,0
sklearn_builtin,digits,10,80,64,2,manhattan,5,0.0,0.0,0.0,0.0,5.0,1.0,0
sklearn_builtin,digits,10,80,64,2,manhattan,7,0.0,0.0,0.0,0.0,7.0,1.0,0
sklearn_builtin,digits,10,80,64,2,manhattan,9,0.0,0.0,0.0,0.0,9.0,1.0,0
sklearn_builtin,digits,10,80,64,2,manhattan,11,0.0,0.0,0.0,0.0,10.95,1.0,0
sklearn_builtin,digits,10,80,64,2,manhattan,15,0.0,0.0,0.0,0.0,14.8,1.0,0
sklearn_builtin,digits,10,80,64,2,cosine,1,0.0,0.0,1.0,1.0,1.0,1.0,0
sklearn_builtin,digits,10,80,64,2,cosine,3,0.0,0.0,0.0,0.0,3.0,1.0,0
sklearn_builtin,digits,10,80,64,2,cosine,5,0.0,0.0,0.0,0.0,5.0,1.0,0
sklearn_builtin,digits,10,80,64,2,cosine,7,0.0,0.0,0.0,0.0,7.0,1.0,0
sklearn_builtin,digits,10,80,64,2,cosine,9,0.0,0.0,0.0,0.0,9.0,1.0,0
sklearn_builtin,digits,10,80,64,2,cosine,11,0.0,0.0,0.0,0.0,10.975,1.0,0
sklearn_builtin,digits,10,80,64,2,cosine,15,0.0,0.0,0.0,0.0,14.875,1.0,0
sklearn_builtin,digits,11,80,64,2,euclidean,1,0.0,0.0,1.0,1.0,1.0,1.0,0
sklearn_builtin,digits,11,80,64,2,euclidean,3,0.0,0.0,0.0,0.0,3.0,1.0,0
sklearn_builtin,digits,11,80,64,2,euclidean,5,0.0,0.0,0.0,0.0,5.0,1.0,0
sklearn_builtin,digits,11,80,64,2,euclidean,7,0.0,0.0,0.0,0.0,7.0,1.0,0
sklearn_builtin,digits,11,80,64,2,euclidean,9,0.0,0.0,0.0,0.0,8.95,1.0,0
sklearn_builtin,digits,11,80,64,2,euclidean,11,0.0,0.0,0.0,0.0,10.875,1.0,0
sklearn_builtin,digits,11,80,64,2,euclidean,15,0.0,0.0,0.0,0.0,14.35,1.0,0
sklearn_builtin,digits,11,80,64,2,manhattan,1,0.0,0.0,1.0,1.0,1.0,1.0,0
sklearn_builtin,digits,11,80,64,2,manhattan,3,0.0,0.0,0.0,0.0,3.0,1.0,0
sklearn_builtin,digits,11,80,64,2,manhattan,5,0.0,0.0,0.0,0.0,4.975,1.0,0
sklearn_builtin,digits,11,80,64,2,manhattan,7,0.0,0.0,0.0,0.0,6.975,1.0,0
sklearn_builtin,digits,11,80,64,2,manhattan,9,0.0,0.0,0.0,0.0,8.975,1.0,0
sklearn_builtin,digits,11,80,64,2,manhattan,11,0.0,0.0,0.0,0.0,10.9,1.0,0
sklearn_builtin,digits,11,80,64,2,manhattan,15,0.0,0.0,0.0,0.0,14.525,1.0,0
sklearn_builtin,digits,11,80,64,2,cosine,1,0.0,0.0,1.0,1.0,1.0,1.0,0
sklearn_builtin,digits,11,80,64,2,cosine,3,0.0,0.0,0.0,0.0,3.0,1.0,0
sklearn_builtin,digits,11,80,64,2,cosine,5,0.0,0.0,0.0,0.0,5.0,1.0,0
sklearn_builtin,digits,11,80,64,2,cosine,7,0.0,0.0,0.0,0.0,7.0,1.0,0
sklearn_builtin,digits,11,80,64,2,cosine,9,0.0,0.0,0.0,0.0,8.95,1.0,0
sklearn_builtin,digits,11,80,64,2,cosine,11,0.0,0.0,0.0,0.0,10.825,1.0,0
sklearn_builtin,digits,11,80,64,2,cosine,15,0.0,0.0,0.0,0.0,14.625,1.0,0
